Path,Sample,FileName,Classifier,Reference
/home/equ/mit_lieberman/raw_data/2020/D20-2578-4529L/D20-2578-4529L/split/,KIT_24F_MG1_H1,N701S508,Cacnes_classifiers/Cacnes_acera_lineagelevel.classifier Cacnes_classifiers/Cacnes_acera_phylogrouplevel.classifier,Pacnes_C1
/home/equ/mit_lieberman/raw_data/2020/D20-2578-4529L/D20-2578-4529L/split/,KIT_1F_MG1_H2,N702S508,Cacnes_classifiers/Cacnes_acera_lineagelevel.classifier Cacnes_classifiers/Cacnes_acera_phylogrouplevel.classifier,Pacnes_C1
/home/equ/mit_lieberman/raw_data/2020/D20-2578-4529L/D20-2578-4529L/split/,KIT_93F_MG1_H3,N703S508,Cacnes_classifiers/Cacnes_acera_lineagelevel.classifier Cacnes_classifiers/Cacnes_acera_phylogrouplevel.classifier,Pacnes_C1
/home/equ/mit_lieberman/raw_data/2020/D20-2578-4529L/D20-2578-4529L/split/,KIT_12F_MG1_H4,N704S508,Cacnes_classifiers/Cacnes_acera_lineagelevel.classifier Cacnes_classifiers/Cacnes_acera_phylogrouplevel.classifier,Pacnes_C1
/home/equ/mit_lieberman/raw_data/2020/D20-2578-4529L/D20-2578-4529L/split/,KIT_46F_MG1_H5,N705S508,Cacnes_classifiers/Cacnes_acera_lineagelevel.classifier Cacnes_classifiers/Cacnes_acera_phylogrouplevel.classifier,Pacnes_C1
/home/equ/mit_lieberman/raw_data/2020/D20-2578-4529L/D20-2578-4529L/split/,KIT_61F_MG1_H6,N706S508,Cacnes_classifiers/Cacnes_acera_lineagelevel.classifier Cacnes_classifiers/Cacnes_acera_phylogrouplevel.classifier,Pacnes_C1
/home/equ/mit_lieberman/raw_data/2020/D20-2578-4529L/D20-2578-4529L/split/,KIT_8F_MG1_H7,N707S508,Cacnes_classifiers/Cacnes_acera_lineagelevel.classifier Cacnes_classifiers/Cacnes_acera_phylogrouplevel.classifier,Pacnes_C1
/home/equ/mit_lieberman/raw_data/2020/D20-2578-4529L/D20-2578-4529L/split/,KIT_90F_MG1_H8,N708S508,Cacnes_classifiers/Cacnes_acera_lineagelevel.classifier Cacnes_classifiers/Cacnes_acera_phylogrouplevel.classifier,Pacnes_C1
/home/equ/mit_lieberman/raw_data/2020/D20-2578-4529L/D20-2578-4529L/split/,KIT_83F_MG1_H9,N709S508,Cacnes_classifiers/Cacnes_acera_lineagelevel.classifier Cacnes_classifiers/Cacnes_acera_phylogrouplevel.classifier,Pacnes_C1
/home/equ/mit_lieberman/raw_data/2020/D20-2578-4529L/D20-2578-4529L/split/,KIT_9F_MG1_H10,N710S508,Cacnes_classifiers/Cacnes_acera_lineagelevel.classifier Cacnes_classifiers/Cacnes_acera_phylogrouplevel.classifier,Pacnes_C1
/home/equ/mit_lieberman/raw_data/2020/D20-2578-4529L/D20-2578-4529L/split/,KIT_244F_MG1_H11,N711S508,Cacnes_classifiers/Cacnes_acera_lineagelevel.classifier Cacnes_classifiers/Cacnes_acera_phylogrouplevel.classifier,Pacnes_C1
/home/equ/mit_lieberman/raw_data/2020/D20-2578-4529L/D20-2578-4529L/split/,KIT_63F_MG1_H12,N712S508,Cacnes_classifiers/Cacnes_acera_lineagelevel.classifier Cacnes_classifiers/Cacnes_acera_phylogrouplevel.classifier,Pacnes_C1
/home/equ/mit_lieberman/raw_data/2020/D20-2578-4529L/D20-2578-4529L/split/,KIT_24N_MG1_G1,N701S507,Cacnes_classifiers/Cacnes_acera_lineagelevel.classifier Cacnes_classifiers/Cacnes_acera_phylogrouplevel.classifier,Pacnes_C1
/home/equ/mit_lieberman/raw_data/2020/D20-2578-4529L/D20-2578-4529L/split/,KIT_1N_MG1_G2,N702S507,Cacnes_classifiers/Cacnes_acera_lineagelevel.classifier Cacnes_classifiers/Cacnes_acera_phylogrouplevel.classifier,Pacnes_C1
/home/equ/mit_lieberman/raw_data/2020/D20-2578-4529L/D20-2578-4529L/split/,KIT_93N_MG1_G3,N703S507,Cacnes_classifiers/Cacnes_acera_lineagelevel.classifier Cacnes_classifiers/Cacnes_acera_phylogrouplevel.classifier,Pacnes_C1
/home/equ/mit_lieberman/raw_data/2020/D20-2578-4529L/D20-2578-4529L/split/,KIT_12N_MG1_G4,N704S507,Cacnes_classifiers/Cacnes_acera_lineagelevel.classifier Cacnes_classifiers/Cacnes_acera_phylogrouplevel.classifier,Pacnes_C1
/home/equ/mit_lieberman/raw_data/2020/D20-2578-4529L/D20-2578-4529L/split/,KIT_46N_MG1_G5,N705S507,Cacnes_classifiers/Cacnes_acera_lineagelevel.classifier Cacnes_classifiers/Cacnes_acera_phylogrouplevel.classifier,Pacnes_C1
/home/equ/mit_lieberman/raw_data/2020/D20-2578-4529L/D20-2578-4529L/split/,KIT_61N_MG1_G6,N706S507,Cacnes_classifiers/Cacnes_acera_lineagelevel.classifier Cacnes_classifiers/Cacnes_acera_phylogrouplevel.classifier,Pacnes_C1
/home/equ/mit_lieberman/raw_data/2020/D20-2578-4529L/D20-2578-4529L/split/,KIT_8N_MG1_G7,N707S507,Cacnes_classifiers/Cacnes_acera_lineagelevel.classifier Cacnes_classifiers/Cacnes_acera_phylogrouplevel.classifier,Pacnes_C1
/home/equ/mit_lieberman/raw_data/2020/D20-2578-4529L/D20-2578-4529L/split/,KIT_90N_MG1_G8,N708S507,Cacnes_classifiers/Cacnes_acera_lineagelevel.classifier Cacnes_classifiers/Cacnes_acera_phylogrouplevel.classifier,Pacnes_C1
/home/equ/mit_lieberman/raw_data/2020/D20-2578-4529L/D20-2578-4529L/split/,KIT_83N_MG1_G9,N709S507,Cacnes_classifiers/Cacnes_acera_lineagelevel.classifier Cacnes_classifiers/Cacnes_acera_phylogrouplevel.classifier,Pacnes_C1
/home/equ/mit_lieberman/raw_data/2020/D20-2578-4529L/D20-2578-4529L/split/,KIT_9N_MG1_G10,N710S507,Cacnes_classifiers/Cacnes_acera_lineagelevel.classifier Cacnes_classifiers/Cacnes_acera_phylogrouplevel.classifier,Pacnes_C1
/home/equ/mit_lieberman/raw_data/2020/D20-2578-4529L/D20-2578-4529L/split/,KIT_244N_MG1_G11,N711S507,Cacnes_classifiers/Cacnes_acera_lineagelevel.classifier Cacnes_classifiers/Cacnes_acera_phylogrouplevel.classifier,Pacnes_C1
/home/equ/mit_lieberman/raw_data/2020/D20-2578-4529L/D20-2578-4529L/split/,KIT_63N_MG1_G12,N712S507,Cacnes_classifiers/Cacnes_acera_lineagelevel.classifier Cacnes_classifiers/Cacnes_acera_phylogrouplevel.classifier,Pacnes_C1
/home/equ/mit_lieberman/raw_data/2020/D20-2578-4529L/D20-2578-4529L/split/,KIT_1K_MG1_F2,N702S506,Cacnes_classifiers/Cacnes_acera_lineagelevel.classifier Cacnes_classifiers/Cacnes_acera_phylogrouplevel.classifier,Pacnes_C1
/home/equ/mit_lieberman/raw_data/2020/D20-2578-4529L/D20-2578-4529L/split/,KIT_93K_MG1_F3,N703S506,Cacnes_classifiers/Cacnes_acera_lineagelevel.classifier Cacnes_classifiers/Cacnes_acera_phylogrouplevel.classifier,Pacnes_C1
/home/equ/mit_lieberman/raw_data/2020/D20-2578-4529L/D20-2578-4529L/split/,KIT_12K_MG1_F4,N704S506,Cacnes_classifiers/Cacnes_acera_lineagelevel.classifier Cacnes_classifiers/Cacnes_acera_phylogrouplevel.classifier,Pacnes_C1
/home/equ/mit_lieberman/raw_data/2020/D20-2578-4529L/D20-2578-4529L/split/,KIT_46K_MG1_F5,N705S506,Cacnes_classifiers/Cacnes_acera_lineagelevel.classifier Cacnes_classifiers/Cacnes_acera_phylogrouplevel.classifier,Pacnes_C1
/home/equ/mit_lieberman/raw_data/2020/D20-2578-4529L/D20-2578-4529L/split/,KIT_61K_MG1_F6,N706S506,Cacnes_classifiers/Cacnes_acera_lineagelevel.classifier Cacnes_classifiers/Cacnes_acera_phylogrouplevel.classifier,Pacnes_C1
/home/equ/mit_lieberman/raw_data/2020/D20-2578-4529L/D20-2578-4529L/split/,KIT_8K_MG1_F7,N707S506,Cacnes_classifiers/Cacnes_acera_lineagelevel.classifier Cacnes_classifiers/Cacnes_acera_phylogrouplevel.classifier,Pacnes_C1
/home/equ/mit_lieberman/raw_data/2020/D20-2578-4529L/D20-2578-4529L/split/,KIT_90K_MG1_F8,N708S506,Cacnes_classifiers/Cacnes_acera_lineagelevel.classifier Cacnes_classifiers/Cacnes_acera_phylogrouplevel.classifier,Pacnes_C1
/home/equ/mit_lieberman/raw_data/2020/D20-2578-4529L/D20-2578-4529L/split/,KIT_83K_MG1_F9,N709S506,Cacnes_classifiers/Cacnes_acera_lineagelevel.classifier Cacnes_classifiers/Cacnes_acera_phylogrouplevel.classifier,Pacnes_C1
/home/equ/mit_lieberman/raw_data/2020/D20-2578-4529L/D20-2578-4529L/split/,KIT_9K_MG1_F10,N710S506,Cacnes_classifiers/Cacnes_acera_lineagelevel.classifier Cacnes_classifiers/Cacnes_acera_phylogrouplevel.classifier,Pacnes_C1
/home/equ/mit_lieberman/raw_data/2020/D20-2578-4529L/D20-2578-4529L/split/,KIT_244K_MG1_F11,N711S506,Cacnes_classifiers/Cacnes_acera_lineagelevel.classifier Cacnes_classifiers/Cacnes_acera_phylogrouplevel.classifier,Pacnes_C1
/home/equ/mit_lieberman/raw_data/2020/D20-2578-4529L/D20-2578-4529L/split/,KIT_63K_MG1_F12,N712S506,Cacnes_classifiers/Cacnes_acera_lineagelevel.classifier Cacnes_classifiers/Cacnes_acera_phylogrouplevel.classifier,Pacnes_C1
/home/equ/mit_lieberman/raw_data/2020/D20-2578-4529L/D20-2578-4529L/split/,KIT_1C_MG1_E2,N702S505,Cacnes_classifiers/Cacnes_acera_lineagelevel.classifier Cacnes_classifiers/Cacnes_acera_phylogrouplevel.classifier,Pacnes_C1
/home/equ/mit_lieberman/raw_data/2020/D20-2578-4529L/D20-2578-4529L/split/,KIT_93C_MG1_E3,N703S505,Cacnes_classifiers/Cacnes_acera_lineagelevel.classifier Cacnes_classifiers/Cacnes_acera_phylogrouplevel.classifier,Pacnes_C1
/home/equ/mit_lieberman/raw_data/2020/D20-2578-4529L/D20-2578-4529L/split/,KIT_12C_MG1_E4,N704S505,Cacnes_classifiers/Cacnes_acera_lineagelevel.classifier Cacnes_classifiers/Cacnes_acera_phylogrouplevel.classifier,Pacnes_C1
/home/equ/mit_lieberman/raw_data/2020/D20-2578-4529L/D20-2578-4529L/split/,KIT_46C_MG1_E5,N705S505,Cacnes_classifiers/Cacnes_acera_lineagelevel.classifier Cacnes_classifiers/Cacnes_acera_phylogrouplevel.classifier,Pacnes_C1
/home/equ/mit_lieberman/raw_data/2020/D20-2578-4529L/D20-2578-4529L/split/,KIT_61C_MG1_E6,N706S505,Cacnes_classifiers/Cacnes_acera_lineagelevel.classifier Cacnes_classifiers/Cacnes_acera_phylogrouplevel.classifier,Pacnes_C1
/home/equ/mit_lieberman/raw_data/2020/D20-2578-4529L/D20-2578-4529L/split/,KIT_8C_MG1_E7,N707S505,Cacnes_classifiers/Cacnes_acera_lineagelevel.classifier Cacnes_classifiers/Cacnes_acera_phylogrouplevel.classifier,Pacnes_C1
/home/equ/mit_lieberman/raw_data/2020/D20-2578-4529L/D20-2578-4529L/split/,KIT_90C_MG1_E8,N708S505,Cacnes_classifiers/Cacnes_acera_lineagelevel.classifier Cacnes_classifiers/Cacnes_acera_phylogrouplevel.classifier,Pacnes_C1
/home/equ/mit_lieberman/raw_data/2020/D20-2578-4529L/D20-2578-4529L/split/,KIT_83C_MG1_E9,N709S505,Cacnes_classifiers/Cacnes_acera_lineagelevel.classifier Cacnes_classifiers/Cacnes_acera_phylogrouplevel.classifier,Pacnes_C1
/home/equ/mit_lieberman/raw_data/2020/D20-2578-4529L/D20-2578-4529L/split/,KIT_9C_MG1_E10,N710S505,Cacnes_classifiers/Cacnes_acera_lineagelevel.classifier Cacnes_classifiers/Cacnes_acera_phylogrouplevel.classifier,Pacnes_C1
/home/equ/mit_lieberman/raw_data/2020/D20-2578-4529L/D20-2578-4529L/split/,KIT_244C_MG1_E11,N711S505,Cacnes_classifiers/Cacnes_acera_lineagelevel.classifier Cacnes_classifiers/Cacnes_acera_phylogrouplevel.classifier,Pacnes_C1
/home/equ/mit_lieberman/raw_data/2020/D20-2578-4529L/D20-2578-4529L/split/,KIT_63C_MG1_E12,N712S505,Cacnes_classifiers/Cacnes_acera_lineagelevel.classifier Cacnes_classifiers/Cacnes_acera_phylogrouplevel.classifier,Pacnes_C1
/home/equ/mit_lieberman/raw_data/2020/D20-2578-4529L/D20-2578-4529L/split/,KIT_3F_MG1_D2,N702S504,Cacnes_classifiers/Cacnes_acera_lineagelevel.classifier Cacnes_classifiers/Cacnes_acera_phylogrouplevel.classifier,Pacnes_C1
/home/equ/mit_lieberman/raw_data/2020/D20-2578-4529L/D20-2578-4529L/split/,KIT_95F_MG1_D3,N703S504,Cacnes_classifiers/Cacnes_acera_lineagelevel.classifier Cacnes_classifiers/Cacnes_acera_phylogrouplevel.classifier,Pacnes_C1
/home/equ/mit_lieberman/raw_data/2020/D20-2578-4529L/D20-2578-4529L/split/,KIT_45F_MG1_D4,N704S504,Cacnes_classifiers/Cacnes_acera_lineagelevel.classifier Cacnes_classifiers/Cacnes_acera_phylogrouplevel.classifier,Pacnes_C1
/home/equ/mit_lieberman/raw_data/2020/D20-2578-4529L/D20-2578-4529L/split/,KIT_94F_MG1_D5,N705S504,Cacnes_classifiers/Cacnes_acera_lineagelevel.classifier Cacnes_classifiers/Cacnes_acera_phylogrouplevel.classifier,Pacnes_C1
/home/equ/mit_lieberman/raw_data/2020/D20-2578-4529L/D20-2578-4529L/split/,KIT_65F_MG1_D6,N706S504,Cacnes_classifiers/Cacnes_acera_lineagelevel.classifier Cacnes_classifiers/Cacnes_acera_phylogrouplevel.classifier,Pacnes_C1
/home/equ/mit_lieberman/raw_data/2020/D20-2578-4529L/D20-2578-4529L/split/,KIT_34F_MG1_D7,N707S504,Cacnes_classifiers/Cacnes_acera_lineagelevel.classifier Cacnes_classifiers/Cacnes_acera_phylogrouplevel.classifier,Pacnes_C1
/home/equ/mit_lieberman/raw_data/2020/D20-2578-4529L/D20-2578-4529L/split/,KIT_92F_MG1_D8,N708S504,Cacnes_classifiers/Cacnes_acera_lineagelevel.classifier Cacnes_classifiers/Cacnes_acera_phylogrouplevel.classifier,Pacnes_C1
/home/equ/mit_lieberman/raw_data/2020/D20-2578-4529L/D20-2578-4529L/split/,KIT_96F_MG1_D9,N709S504,Cacnes_classifiers/Cacnes_acera_lineagelevel.classifier Cacnes_classifiers/Cacnes_acera_phylogrouplevel.classifier,Pacnes_C1
/home/equ/mit_lieberman/raw_data/2020/D20-2578-4529L/D20-2578-4529L/split/,KIT_81F_MG1_D10,N710S504,Cacnes_classifiers/Cacnes_acera_lineagelevel.classifier Cacnes_classifiers/Cacnes_acera_phylogrouplevel.classifier,Pacnes_C1
/home/equ/mit_lieberman/raw_data/2020/D20-2578-4529L/D20-2578-4529L/split/,KIT_236F_MG1_D11,N711S504,Cacnes_classifiers/Cacnes_acera_lineagelevel.classifier Cacnes_classifiers/Cacnes_acera_phylogrouplevel.classifier,Pacnes_C1
/home/equ/mit_lieberman/raw_data/2020/D20-2578-4529L/D20-2578-4529L/split/,KIT_49F_MG1_D12,N712S504,Cacnes_classifiers/Cacnes_acera_lineagelevel.classifier Cacnes_classifiers/Cacnes_acera_phylogrouplevel.classifier,Pacnes_C1
/home/equ/mit_lieberman/raw_data/2020/D20-2578-4529L/D20-2578-4529L/split/,KIT_3N_MG1_C2,N702S503,Cacnes_classifiers/Cacnes_acera_lineagelevel.classifier Cacnes_classifiers/Cacnes_acera_phylogrouplevel.classifier,Pacnes_C1
/home/equ/mit_lieberman/raw_data/2020/D20-2578-4529L/D20-2578-4529L/split/,KIT_95N_MG1_C3,N703S503,Cacnes_classifiers/Cacnes_acera_lineagelevel.classifier Cacnes_classifiers/Cacnes_acera_phylogrouplevel.classifier,Pacnes_C1
/home/equ/mit_lieberman/raw_data/2020/D20-2578-4529L/D20-2578-4529L/split/,KIT_45N_MG1_C4,N704S503,Cacnes_classifiers/Cacnes_acera_lineagelevel.classifier Cacnes_classifiers/Cacnes_acera_phylogrouplevel.classifier,Pacnes_C1
/home/equ/mit_lieberman/raw_data/2020/D20-2578-4529L/D20-2578-4529L/split/,KIT_94N_MG1_C5,N705S503,Cacnes_classifiers/Cacnes_acera_lineagelevel.classifier Cacnes_classifiers/Cacnes_acera_phylogrouplevel.classifier,Pacnes_C1
/home/equ/mit_lieberman/raw_data/2020/D20-2578-4529L/D20-2578-4529L/split/,KIT_65N_MG1_C6,N706S503,Cacnes_classifiers/Cacnes_acera_lineagelevel.classifier Cacnes_classifiers/Cacnes_acera_phylogrouplevel.classifier,Pacnes_C1
/home/equ/mit_lieberman/raw_data/2020/D20-2578-4529L/D20-2578-4529L/split/,KIT_34N_MG1_C7,N707S503,Cacnes_classifiers/Cacnes_acera_lineagelevel.classifier Cacnes_classifiers/Cacnes_acera_phylogrouplevel.classifier,Pacnes_C1
/home/equ/mit_lieberman/raw_data/2020/D20-2578-4529L/D20-2578-4529L/split/,KIT_92N_MG1_C8,N708S503,Cacnes_classifiers/Cacnes_acera_lineagelevel.classifier Cacnes_classifiers/Cacnes_acera_phylogrouplevel.classifier,Pacnes_C1
/home/equ/mit_lieberman/raw_data/2020/D20-2578-4529L/D20-2578-4529L/split/,KIT_96N_MG1_C9,N709S503,Cacnes_classifiers/Cacnes_acera_lineagelevel.classifier Cacnes_classifiers/Cacnes_acera_phylogrouplevel.classifier,Pacnes_C1
/home/equ/mit_lieberman/raw_data/2020/D20-2578-4529L/D20-2578-4529L/split/,KIT_81N_MG1_C10,N710S503,Cacnes_classifiers/Cacnes_acera_lineagelevel.classifier Cacnes_classifiers/Cacnes_acera_phylogrouplevel.classifier,Pacnes_C1
/home/equ/mit_lieberman/raw_data/2020/D20-2578-4529L/D20-2578-4529L/split/,KIT_236N_MG1_C11,N711S503,Cacnes_classifiers/Cacnes_acera_lineagelevel.classifier Cacnes_classifiers/Cacnes_acera_phylogrouplevel.classifier,Pacnes_C1
/home/equ/mit_lieberman/raw_data/2020/D20-2578-4529L/D20-2578-4529L/split/,KIT_49N_MG1_C12,N712S503,Cacnes_classifiers/Cacnes_acera_lineagelevel.classifier Cacnes_classifiers/Cacnes_acera_phylogrouplevel.classifier,Pacnes_C1
/home/equ/mit_lieberman/raw_data/2020/D20-2578-4529L/D20-2578-4529L/split/,KIT_3K_MG1_B2,N702S502,Cacnes_classifiers/Cacnes_acera_lineagelevel.classifier Cacnes_classifiers/Cacnes_acera_phylogrouplevel.classifier,Pacnes_C1
/home/equ/mit_lieberman/raw_data/2020/D20-2578-4529L/D20-2578-4529L/split/,KIT_95K_MG1_B3,N703S502,Cacnes_classifiers/Cacnes_acera_lineagelevel.classifier Cacnes_classifiers/Cacnes_acera_phylogrouplevel.classifier,Pacnes_C1
/home/equ/mit_lieberman/raw_data/2020/D20-2578-4529L/D20-2578-4529L/split/,KIT_45K_MG1_B4,N704S502,Cacnes_classifiers/Cacnes_acera_lineagelevel.classifier Cacnes_classifiers/Cacnes_acera_phylogrouplevel.classifier,Pacnes_C1
/home/equ/mit_lieberman/raw_data/2020/D20-2578-4529L/D20-2578-4529L/split/,KIT_94K_MG1_B5,N705S502,Cacnes_classifiers/Cacnes_acera_lineagelevel.classifier Cacnes_classifiers/Cacnes_acera_phylogrouplevel.classifier,Pacnes_C1
/home/equ/mit_lieberman/raw_data/2020/D20-2578-4529L/D20-2578-4529L/split/,KIT_65K_MG1_B6,N706S502,Cacnes_classifiers/Cacnes_acera_lineagelevel.classifier Cacnes_classifiers/Cacnes_acera_phylogrouplevel.classifier,Pacnes_C1
/home/equ/mit_lieberman/raw_data/2020/D20-2578-4529L/D20-2578-4529L/split/,KIT_34K_MG1_B7,N707S502,Cacnes_classifiers/Cacnes_acera_lineagelevel.classifier Cacnes_classifiers/Cacnes_acera_phylogrouplevel.classifier,Pacnes_C1
/home/equ/mit_lieberman/raw_data/2020/D20-2578-4529L/D20-2578-4529L/split/,KIT_92K_MG1_B8,N708S502,Cacnes_classifiers/Cacnes_acera_lineagelevel.classifier Cacnes_classifiers/Cacnes_acera_phylogrouplevel.classifier,Pacnes_C1
/home/equ/mit_lieberman/raw_data/2020/D20-2578-4529L/D20-2578-4529L/split/,KIT_96MK_MG1_B9,N709S502,Cacnes_classifiers/Cacnes_acera_lineagelevel.classifier Cacnes_classifiers/Cacnes_acera_phylogrouplevel.classifier,Pacnes_C1
/home/equ/mit_lieberman/raw_data/2020/D20-2578-4529L/D20-2578-4529L/split/,KIT_81K_MG1_B10,N710S502,Cacnes_classifiers/Cacnes_acera_lineagelevel.classifier Cacnes_classifiers/Cacnes_acera_phylogrouplevel.classifier,Pacnes_C1
/home/equ/mit_lieberman/raw_data/2020/D20-2578-4529L/D20-2578-4529L/split/,KIT_236K_MG1_B11,N711S502,Cacnes_classifiers/Cacnes_acera_lineagelevel.classifier Cacnes_classifiers/Cacnes_acera_phylogrouplevel.classifier,Pacnes_C1
/home/equ/mit_lieberman/raw_data/2020/D20-2578-4529L/D20-2578-4529L/split/,KIT_49K_MG1_B12,N712S502,Cacnes_classifiers/Cacnes_acera_lineagelevel.classifier Cacnes_classifiers/Cacnes_acera_phylogrouplevel.classifier,Pacnes_C1
/home/equ/mit_lieberman/raw_data/2020/D20-2578-4529L/D20-2578-4529L/split/,KIT_3C_MG1_A2,N702S501,Cacnes_classifiers/Cacnes_acera_lineagelevel.classifier Cacnes_classifiers/Cacnes_acera_phylogrouplevel.classifier,Pacnes_C1
/home/equ/mit_lieberman/raw_data/2020/D20-2578-4529L/D20-2578-4529L/split/,KIT_95C_MG1_A3,N703S501,Cacnes_classifiers/Cacnes_acera_lineagelevel.classifier Cacnes_classifiers/Cacnes_acera_phylogrouplevel.classifier,Pacnes_C1
/home/equ/mit_lieberman/raw_data/2020/D20-2578-4529L/D20-2578-4529L/split/,KIT_45C_MG1_A4,N704S501,Cacnes_classifiers/Cacnes_acera_lineagelevel.classifier Cacnes_classifiers/Cacnes_acera_phylogrouplevel.classifier,Pacnes_C1
/home/equ/mit_lieberman/raw_data/2020/D20-2578-4529L/D20-2578-4529L/split/,KIT_94C_MG1_A5,N705S501,Cacnes_classifiers/Cacnes_acera_lineagelevel.classifier Cacnes_classifiers/Cacnes_acera_phylogrouplevel.classifier,Pacnes_C1
/home/equ/mit_lieberman/raw_data/2020/D20-2578-4529L/D20-2578-4529L/split/,KIT_65C_MG1_A6,N706S501,Cacnes_classifiers/Cacnes_acera_lineagelevel.classifier Cacnes_classifiers/Cacnes_acera_phylogrouplevel.classifier,Pacnes_C1
/home/equ/mit_lieberman/raw_data/2020/D20-2578-4529L/D20-2578-4529L/split/,KIT_34C_MG1_A7,N707S501,Cacnes_classifiers/Cacnes_acera_lineagelevel.classifier Cacnes_classifiers/Cacnes_acera_phylogrouplevel.classifier,Pacnes_C1
/home/equ/mit_lieberman/raw_data/2020/D20-2578-4529L/D20-2578-4529L/split/,KIT_92C_MG1_A8,N708S501,Cacnes_classifiers/Cacnes_acera_lineagelevel.classifier Cacnes_classifiers/Cacnes_acera_phylogrouplevel.classifier,Pacnes_C1
/home/equ/mit_lieberman/raw_data/2020/D20-2578-4529L/D20-2578-4529L/split/,KIT_96C_MG1_A9,N709S501,Cacnes_classifiers/Cacnes_acera_lineagelevel.classifier Cacnes_classifiers/Cacnes_acera_phylogrouplevel.classifier,Pacnes_C1
/home/equ/mit_lieberman/raw_data/2020/D20-2578-4529L/D20-2578-4529L/split/,KIT_81C_MG1_A10,N710S501,Cacnes_classifiers/Cacnes_acera_lineagelevel.classifier Cacnes_classifiers/Cacnes_acera_phylogrouplevel.classifier,Pacnes_C1
/home/equ/mit_lieberman/raw_data/2020/D20-2578-4529L/D20-2578-4529L/split/,KIT_236C_MG1_A11,N711S501,Cacnes_classifiers/Cacnes_acera_lineagelevel.classifier Cacnes_classifiers/Cacnes_acera_phylogrouplevel.classifier,Pacnes_C1
/home/equ/mit_lieberman/raw_data/2020/D20-2578-4529L/D20-2578-4529L/split/,KIT_49C_MG1_A12,N712S501,Cacnes_classifiers/Cacnes_acera_lineagelevel.classifier Cacnes_classifiers/Cacnes_acera_phylogrouplevel.classifier,Pacnes_C1
/home/equ/mit_lieberman/raw_data/2020/D20-2578-4529L/D20-2578-4529L/split/ /home/equ/mit_lieberman/raw_data/2021/210608Lie/splitjsb/,KIT_63F_MG2_H1,N701S532,Cacnes_classifiers/Cacnes_acera_lineagelevel.classifier Cacnes_classifiers/Cacnes_acera_phylogrouplevel.classifier,Pacnes_C1
/home/equ/mit_lieberman/raw_data/2020/D20-2578-4529L/D20-2578-4529L/split/ /home/equ/mit_lieberman/raw_data/2021/210608Lie/splitjsb/,KIT_4F_MG2_H2,N702S532,Cacnes_classifiers/Cacnes_acera_lineagelevel.classifier Cacnes_classifiers/Cacnes_acera_phylogrouplevel.classifier,Pacnes_C1
/home/equ/mit_lieberman/raw_data/2020/D20-2578-4529L/D20-2578-4529L/split/ /home/equ/mit_lieberman/raw_data/2021/210608Lie/splitjsb/,KIT_60F_MG2_H3,N703S532,Cacnes_classifiers/Cacnes_acera_lineagelevel.classifier Cacnes_classifiers/Cacnes_acera_phylogrouplevel.classifier,Pacnes_C1
/home/equ/mit_lieberman/raw_data/2020/D20-2578-4529L/D20-2578-4529L/split/ /home/equ/mit_lieberman/raw_data/2021/210608Lie/splitjsb/,KIT_38F_MG2_H4,N704S532,Cacnes_classifiers/Cacnes_acera_lineagelevel.classifier Cacnes_classifiers/Cacnes_acera_phylogrouplevel.classifier,Pacnes_C1
/home/equ/mit_lieberman/raw_data/2020/D20-2578-4529L/D20-2578-4529L/split/ /home/equ/mit_lieberman/raw_data/2021/210608Lie/splitjsb/,KIT_21F_MG2_H5,N705S532,Cacnes_classifiers/Cacnes_acera_lineagelevel.classifier Cacnes_classifiers/Cacnes_acera_phylogrouplevel.classifier,Pacnes_C1
/home/equ/mit_lieberman/raw_data/2020/D20-2578-4529L/D20-2578-4529L/split/ /home/equ/mit_lieberman/raw_data/2021/210608Lie/splitjsb/,KIT_249F_MG2_H6,N706S532,Cacnes_classifiers/Cacnes_acera_lineagelevel.classifier Cacnes_classifiers/Cacnes_acera_phylogrouplevel.classifier,Pacnes_C1
/home/equ/mit_lieberman/raw_data/2020/D20-2578-4529L/D20-2578-4529L/split/ /home/equ/mit_lieberman/raw_data/2021/210608Lie/splitjsb/,KIT_41F_MG2_H8,N708S532,Cacnes_classifiers/Cacnes_acera_lineagelevel.classifier Cacnes_classifiers/Cacnes_acera_phylogrouplevel.classifier,Pacnes_C1
/home/equ/mit_lieberman/raw_data/2020/D20-2578-4529L/D20-2578-4529L/split/ /home/equ/mit_lieberman/raw_data/2021/210608Lie/splitjsb/,KIT_65RF_MG2_H9,N709S532,Cacnes_classifiers/Cacnes_acera_lineagelevel.classifier Cacnes_classifiers/Cacnes_acera_phylogrouplevel.classifier,Pacnes_C1
/home/equ/mit_lieberman/raw_data/2020/D20-2578-4529L/D20-2578-4529L/split/ /home/equ/mit_lieberman/raw_data/2021/210608Lie/splitjsb/,KIT_53F_MG2_H10,N710S532,Cacnes_classifiers/Cacnes_acera_lineagelevel.classifier Cacnes_classifiers/Cacnes_acera_phylogrouplevel.classifier,Pacnes_C1
/home/equ/mit_lieberman/raw_data/2020/D20-2578-4529L/D20-2578-4529L/split/ /home/equ/mit_lieberman/raw_data/2021/210608Lie/splitjsb/,KIT_UNKNOWN_H11_MG2_H11,N711S532,Cacnes_classifiers/Cacnes_acera_lineagelevel.classifier Cacnes_classifiers/Cacnes_acera_phylogrouplevel.classifier,Pacnes_C1
/home/equ/mit_lieberman/raw_data/2020/D20-2578-4529L/D20-2578-4529L/split/ /home/equ/mit_lieberman/raw_data/2021/210608Lie/splitjsb/,KIT_UNKNOWN_H12_MG2_H12,N712S532,Cacnes_classifiers/Cacnes_acera_lineagelevel.classifier Cacnes_classifiers/Cacnes_acera_phylogrouplevel.classifier,Pacnes_C1
/home/equ/mit_lieberman/raw_data/2020/D20-2578-4529L/D20-2578-4529L/split/ /home/equ/mit_lieberman/raw_data/2021/210608Lie/splitjsb/,KIT_63N_MG2_G1,N701S531,Cacnes_classifiers/Cacnes_acera_lineagelevel.classifier Cacnes_classifiers/Cacnes_acera_phylogrouplevel.classifier,Pacnes_C1
/home/equ/mit_lieberman/raw_data/2020/D20-2578-4529L/D20-2578-4529L/split/ /home/equ/mit_lieberman/raw_data/2021/210608Lie/splitjsb/,KIT_4N_MG2_G2,N702S531,Cacnes_classifiers/Cacnes_acera_lineagelevel.classifier Cacnes_classifiers/Cacnes_acera_phylogrouplevel.classifier,Pacnes_C1
/home/equ/mit_lieberman/raw_data/2020/D20-2578-4529L/D20-2578-4529L/split/ /home/equ/mit_lieberman/raw_data/2021/210608Lie/splitjsb/,KIT_60N_MG2_G3,N703S531,Cacnes_classifiers/Cacnes_acera_lineagelevel.classifier Cacnes_classifiers/Cacnes_acera_phylogrouplevel.classifier,Pacnes_C1
/home/equ/mit_lieberman/raw_data/2020/D20-2578-4529L/D20-2578-4529L/split/ /home/equ/mit_lieberman/raw_data/2021/210608Lie/splitjsb/,KIT_38N_MG2_G4,N704S531,Cacnes_classifiers/Cacnes_acera_lineagelevel.classifier Cacnes_classifiers/Cacnes_acera_phylogrouplevel.classifier,Pacnes_C1
/home/equ/mit_lieberman/raw_data/2020/D20-2578-4529L/D20-2578-4529L/split/ /home/equ/mit_lieberman/raw_data/2021/210608Lie/splitjsb/,KIT_21N_MG2_G5,N705S531,Cacnes_classifiers/Cacnes_acera_lineagelevel.classifier Cacnes_classifiers/Cacnes_acera_phylogrouplevel.classifier,Pacnes_C1
/home/equ/mit_lieberman/raw_data/2020/D20-2578-4529L/D20-2578-4529L/split/ /home/equ/mit_lieberman/raw_data/2021/210608Lie/splitjsb/,KIT_249N_MG2_G6,N706S531,Cacnes_classifiers/Cacnes_acera_lineagelevel.classifier Cacnes_classifiers/Cacnes_acera_phylogrouplevel.classifier,Pacnes_C1
/home/equ/mit_lieberman/raw_data/2020/D20-2578-4529L/D20-2578-4529L/split/ /home/equ/mit_lieberman/raw_data/2021/210608Lie/splitjsb/,KIT_41N_MG2_G8,N708S531,Cacnes_classifiers/Cacnes_acera_lineagelevel.classifier Cacnes_classifiers/Cacnes_acera_phylogrouplevel.classifier,Pacnes_C1
/home/equ/mit_lieberman/raw_data/2020/D20-2578-4529L/D20-2578-4529L/split/ /home/equ/mit_lieberman/raw_data/2021/210608Lie/splitjsb/,KIT_65RN_MG2_G9,N709S531,Cacnes_classifiers/Cacnes_acera_lineagelevel.classifier Cacnes_classifiers/Cacnes_acera_phylogrouplevel.classifier,Pacnes_C1
/home/equ/mit_lieberman/raw_data/2020/D20-2578-4529L/D20-2578-4529L/split/ /home/equ/mit_lieberman/raw_data/2021/210608Lie/splitjsb/,KIT_53N_MG2_G10,N710S531,Cacnes_classifiers/Cacnes_acera_lineagelevel.classifier Cacnes_classifiers/Cacnes_acera_phylogrouplevel.classifier,Pacnes_C1
/home/equ/mit_lieberman/raw_data/2020/D20-2578-4529L/D20-2578-4529L/split/ /home/equ/mit_lieberman/raw_data/2021/210608Lie/splitjsb/,KIT_UNKNOWN_G11_MG2_G11,N711S531,Cacnes_classifiers/Cacnes_acera_lineagelevel.classifier Cacnes_classifiers/Cacnes_acera_phylogrouplevel.classifier,Pacnes_C1
/home/equ/mit_lieberman/raw_data/2020/D20-2578-4529L/D20-2578-4529L/split/ /home/equ/mit_lieberman/raw_data/2021/210608Lie/splitjsb/,KIT_UNKNOWN_G12_MG2_G12,N712S531,Cacnes_classifiers/Cacnes_acera_lineagelevel.classifier Cacnes_classifiers/Cacnes_acera_phylogrouplevel.classifier,Pacnes_C1
/home/equ/mit_lieberman/raw_data/2020/D20-2578-4529L/D20-2578-4529L/split/ /home/equ/mit_lieberman/raw_data/2021/210608Lie/splitjsb/,KIT_63K_MG2_F1,N701S530,Cacnes_classifiers/Cacnes_acera_lineagelevel.classifier Cacnes_classifiers/Cacnes_acera_phylogrouplevel.classifier,Pacnes_C1
/home/equ/mit_lieberman/raw_data/2020/D20-2578-4529L/D20-2578-4529L/split/ /home/equ/mit_lieberman/raw_data/2021/210608Lie/splitjsb/,KIT_4K_MG2_F2,N702S530,Cacnes_classifiers/Cacnes_acera_lineagelevel.classifier Cacnes_classifiers/Cacnes_acera_phylogrouplevel.classifier,Pacnes_C1
/home/equ/mit_lieberman/raw_data/2020/D20-2578-4529L/D20-2578-4529L/split/ /home/equ/mit_lieberman/raw_data/2021/210608Lie/splitjsb/,KIT_60K_MG2_F3,N703S530,Cacnes_classifiers/Cacnes_acera_lineagelevel.classifier Cacnes_classifiers/Cacnes_acera_phylogrouplevel.classifier,Pacnes_C1
/home/equ/mit_lieberman/raw_data/2020/D20-2578-4529L/D20-2578-4529L/split/ /home/equ/mit_lieberman/raw_data/2021/210608Lie/splitjsb/,KIT_38K_MG2_F4,N704S530,Cacnes_classifiers/Cacnes_acera_lineagelevel.classifier Cacnes_classifiers/Cacnes_acera_phylogrouplevel.classifier,Pacnes_C1
/home/equ/mit_lieberman/raw_data/2020/D20-2578-4529L/D20-2578-4529L/split/ /home/equ/mit_lieberman/raw_data/2021/210608Lie/splitjsb/,KIT_21K_MG2_F5,N705S530,Cacnes_classifiers/Cacnes_acera_lineagelevel.classifier Cacnes_classifiers/Cacnes_acera_phylogrouplevel.classifier,Pacnes_C1
/home/equ/mit_lieberman/raw_data/2020/D20-2578-4529L/D20-2578-4529L/split/ /home/equ/mit_lieberman/raw_data/2021/210608Lie/splitjsb/,KIT_249K_MG2_F6,N706S530,Cacnes_classifiers/Cacnes_acera_lineagelevel.classifier Cacnes_classifiers/Cacnes_acera_phylogrouplevel.classifier,Pacnes_C1
/home/equ/mit_lieberman/raw_data/2020/D20-2578-4529L/D20-2578-4529L/split/ /home/equ/mit_lieberman/raw_data/2021/210608Lie/splitjsb/,KIT_41K_MG2_F8,N708S530,Cacnes_classifiers/Cacnes_acera_lineagelevel.classifier Cacnes_classifiers/Cacnes_acera_phylogrouplevel.classifier,Pacnes_C1
/home/equ/mit_lieberman/raw_data/2020/D20-2578-4529L/D20-2578-4529L/split/ /home/equ/mit_lieberman/raw_data/2021/210608Lie/splitjsb/,KIT_65RK_MG2_F9,N709S530,Cacnes_classifiers/Cacnes_acera_lineagelevel.classifier Cacnes_classifiers/Cacnes_acera_phylogrouplevel.classifier,Pacnes_C1
/home/equ/mit_lieberman/raw_data/2020/D20-2578-4529L/D20-2578-4529L/split/ /home/equ/mit_lieberman/raw_data/2021/210608Lie/splitjsb/,KIT_53K_MG2_F10,N710S530,Cacnes_classifiers/Cacnes_acera_lineagelevel.classifier Cacnes_classifiers/Cacnes_acera_phylogrouplevel.classifier,Pacnes_C1
/home/equ/mit_lieberman/raw_data/2020/D20-2578-4529L/D20-2578-4529L/split/ /home/equ/mit_lieberman/raw_data/2021/210608Lie/splitjsb/,KIT_UNKNOWN_F11_MG2_F11,N711S530,Cacnes_classifiers/Cacnes_acera_lineagelevel.classifier Cacnes_classifiers/Cacnes_acera_phylogrouplevel.classifier,Pacnes_C1
/home/equ/mit_lieberman/raw_data/2020/D20-2578-4529L/D20-2578-4529L/split/ /home/equ/mit_lieberman/raw_data/2021/210608Lie/splitjsb/,KIT_UNKNOWN_F12_MG2_F12,N712S530,Cacnes_classifiers/Cacnes_acera_lineagelevel.classifier Cacnes_classifiers/Cacnes_acera_phylogrouplevel.classifier,Pacnes_C1
/home/equ/mit_lieberman/raw_data/2020/D20-2578-4529L/D20-2578-4529L/split/ /home/equ/mit_lieberman/raw_data/2021/210608Lie/splitjsb/,KIT_63C_MG2_E1,N701S529,Cacnes_classifiers/Cacnes_acera_lineagelevel.classifier Cacnes_classifiers/Cacnes_acera_phylogrouplevel.classifier,Pacnes_C1
/home/equ/mit_lieberman/raw_data/2020/D20-2578-4529L/D20-2578-4529L/split/ /home/equ/mit_lieberman/raw_data/2021/210608Lie/splitjsb/,KIT_4C_MG2_E2,N702S529,Cacnes_classifiers/Cacnes_acera_lineagelevel.classifier Cacnes_classifiers/Cacnes_acera_phylogrouplevel.classifier,Pacnes_C1
/home/equ/mit_lieberman/raw_data/2020/D20-2578-4529L/D20-2578-4529L/split/ /home/equ/mit_lieberman/raw_data/2021/210608Lie/splitjsb/,KIT_60C_MG2_E3,N703S529,Cacnes_classifiers/Cacnes_acera_lineagelevel.classifier Cacnes_classifiers/Cacnes_acera_phylogrouplevel.classifier,Pacnes_C1
/home/equ/mit_lieberman/raw_data/2020/D20-2578-4529L/D20-2578-4529L/split/ /home/equ/mit_lieberman/raw_data/2021/210608Lie/splitjsb/,KIT_38C_MG2_E4,N704S529,Cacnes_classifiers/Cacnes_acera_lineagelevel.classifier Cacnes_classifiers/Cacnes_acera_phylogrouplevel.classifier,Pacnes_C1
/home/equ/mit_lieberman/raw_data/2020/D20-2578-4529L/D20-2578-4529L/split/ /home/equ/mit_lieberman/raw_data/2021/210608Lie/splitjsb/,KIT_21MC_MG2_E5,N705S529,Cacnes_classifiers/Cacnes_acera_lineagelevel.classifier Cacnes_classifiers/Cacnes_acera_phylogrouplevel.classifier,Pacnes_C1
/home/equ/mit_lieberman/raw_data/2020/D20-2578-4529L/D20-2578-4529L/split/ /home/equ/mit_lieberman/raw_data/2021/210608Lie/splitjsb/,KIT_249C_MG2_E6,N706S529,Cacnes_classifiers/Cacnes_acera_lineagelevel.classifier Cacnes_classifiers/Cacnes_acera_phylogrouplevel.classifier,Pacnes_C1
/home/equ/mit_lieberman/raw_data/2020/D20-2578-4529L/D20-2578-4529L/split/ /home/equ/mit_lieberman/raw_data/2021/210608Lie/splitjsb/,KIT_41C_MG2_E8,N708S529,Cacnes_classifiers/Cacnes_acera_lineagelevel.classifier Cacnes_classifiers/Cacnes_acera_phylogrouplevel.classifier,Pacnes_C1
/home/equ/mit_lieberman/raw_data/2020/D20-2578-4529L/D20-2578-4529L/split/ /home/equ/mit_lieberman/raw_data/2021/210608Lie/splitjsb/,KIT_65RC_MG2_E9,N709S529,Cacnes_classifiers/Cacnes_acera_lineagelevel.classifier Cacnes_classifiers/Cacnes_acera_phylogrouplevel.classifier,Pacnes_C1
/home/equ/mit_lieberman/raw_data/2020/D20-2578-4529L/D20-2578-4529L/split/ /home/equ/mit_lieberman/raw_data/2021/210608Lie/splitjsb/,KIT_53C_MG2_E10,N710S529,Cacnes_classifiers/Cacnes_acera_lineagelevel.classifier Cacnes_classifiers/Cacnes_acera_phylogrouplevel.classifier,Pacnes_C1
/home/equ/mit_lieberman/raw_data/2020/D20-2578-4529L/D20-2578-4529L/split/ /home/equ/mit_lieberman/raw_data/2021/210608Lie/splitjsb/,KIT_UNKNOWN_E11_MG2_E11,N711S529,Cacnes_classifiers/Cacnes_acera_lineagelevel.classifier Cacnes_classifiers/Cacnes_acera_phylogrouplevel.classifier,Pacnes_C1
/home/equ/mit_lieberman/raw_data/2020/D20-2578-4529L/D20-2578-4529L/split/ /home/equ/mit_lieberman/raw_data/2021/210608Lie/splitjsb/,KIT_UNKNOWN_E12_MG2_E12,N712S529,Cacnes_classifiers/Cacnes_acera_lineagelevel.classifier Cacnes_classifiers/Cacnes_acera_phylogrouplevel.classifier,Pacnes_C1
/home/equ/mit_lieberman/raw_data/2020/D20-2578-4529L/D20-2578-4529L/split/ /home/equ/mit_lieberman/raw_data/2021/210608Lie/splitjsb/,KIT_69F_MG2_D1,N701S528,Cacnes_classifiers/Cacnes_acera_lineagelevel.classifier Cacnes_classifiers/Cacnes_acera_phylogrouplevel.classifier,Pacnes_C1
/home/equ/mit_lieberman/raw_data/2020/D20-2578-4529L/D20-2578-4529L/split/ /home/equ/mit_lieberman/raw_data/2021/210608Lie/splitjsb/,KIT_66F_MG2_D2,N702S528,Cacnes_classifiers/Cacnes_acera_lineagelevel.classifier Cacnes_classifiers/Cacnes_acera_phylogrouplevel.classifier,Pacnes_C1
/home/equ/mit_lieberman/raw_data/2020/D20-2578-4529L/D20-2578-4529L/split/ /home/equ/mit_lieberman/raw_data/2021/210608Lie/splitjsb/,KIT_17F_MG2_D3,N703S528,Cacnes_classifiers/Cacnes_acera_lineagelevel.classifier Cacnes_classifiers/Cacnes_acera_phylogrouplevel.classifier,Pacnes_C1
/home/equ/mit_lieberman/raw_data/2020/D20-2578-4529L/D20-2578-4529L/split/ /home/equ/mit_lieberman/raw_data/2021/210608Lie/splitjsb/,KIT_54F_OR_12F_MG2_D4,N704S528,Cacnes_classifiers/Cacnes_acera_lineagelevel.classifier Cacnes_classifiers/Cacnes_acera_phylogrouplevel.classifier,Pacnes_C1
/home/equ/mit_lieberman/raw_data/2020/D20-2578-4529L/D20-2578-4529L/split/ /home/equ/mit_lieberman/raw_data/2021/210608Lie/splitjsb/,KIT_250F_MG2_D5,N705S528,Cacnes_classifiers/Cacnes_acera_lineagelevel.classifier Cacnes_classifiers/Cacnes_acera_phylogrouplevel.classifier,Pacnes_C1
/home/equ/mit_lieberman/raw_data/2020/D20-2578-4529L/D20-2578-4529L/split/ /home/equ/mit_lieberman/raw_data/2021/210608Lie/splitjsb/,KIT_240F_MG2_D6,N706S528,Cacnes_classifiers/Cacnes_acera_lineagelevel.classifier Cacnes_classifiers/Cacnes_acera_phylogrouplevel.classifier,Pacnes_C1
/home/equ/mit_lieberman/raw_data/2020/D20-2578-4529L/D20-2578-4529L/split/ /home/equ/mit_lieberman/raw_data/2021/210608Lie/splitjsb/,KIT_72F_MG2_D8,N708S528,Cacnes_classifiers/Cacnes_acera_lineagelevel.classifier Cacnes_classifiers/Cacnes_acera_phylogrouplevel.classifier,Pacnes_C1
/home/equ/mit_lieberman/raw_data/2020/D20-2578-4529L/D20-2578-4529L/split/ /home/equ/mit_lieberman/raw_data/2021/210608Lie/splitjsb/,KIT_65F_MG2_D9,N709S528,Cacnes_classifiers/Cacnes_acera_lineagelevel.classifier Cacnes_classifiers/Cacnes_acera_phylogrouplevel.classifier,Pacnes_C1
/home/equ/mit_lieberman/raw_data/2020/D20-2578-4529L/D20-2578-4529L/split/ /home/equ/mit_lieberman/raw_data/2021/210608Lie/splitjsb/,KIT_100F_MG2_D10,N710S528,Cacnes_classifiers/Cacnes_acera_lineagelevel.classifier Cacnes_classifiers/Cacnes_acera_phylogrouplevel.classifier,Pacnes_C1
/home/equ/mit_lieberman/raw_data/2020/D20-2578-4529L/D20-2578-4529L/split/ /home/equ/mit_lieberman/raw_data/2021/210608Lie/splitjsb/,KIT_UNKNOWN_D11_MG2_D11,N711S528,Cacnes_classifiers/Cacnes_acera_lineagelevel.classifier Cacnes_classifiers/Cacnes_acera_phylogrouplevel.classifier,Pacnes_C1
/home/equ/mit_lieberman/raw_data/2020/D20-2578-4529L/D20-2578-4529L/split/ /home/equ/mit_lieberman/raw_data/2021/210608Lie/splitjsb/,KIT_UNKNOWN_D12_MG2_D12,N712S528,Cacnes_classifiers/Cacnes_acera_lineagelevel.classifier Cacnes_classifiers/Cacnes_acera_phylogrouplevel.classifier,Pacnes_C1
/home/equ/mit_lieberman/raw_data/2020/D20-2578-4529L/D20-2578-4529L/split/ /home/equ/mit_lieberman/raw_data/2021/210608Lie/splitjsb/,KIT_69N_MG2_C1,N701S527,Cacnes_classifiers/Cacnes_acera_lineagelevel.classifier Cacnes_classifiers/Cacnes_acera_phylogrouplevel.classifier,Pacnes_C1
/home/equ/mit_lieberman/raw_data/2020/D20-2578-4529L/D20-2578-4529L/split/ /home/equ/mit_lieberman/raw_data/2021/210608Lie/splitjsb/,KIT_66N_MG2_C2,N702S527,Cacnes_classifiers/Cacnes_acera_lineagelevel.classifier Cacnes_classifiers/Cacnes_acera_phylogrouplevel.classifier,Pacnes_C1
/home/equ/mit_lieberman/raw_data/2020/D20-2578-4529L/D20-2578-4529L/split/ /home/equ/mit_lieberman/raw_data/2021/210608Lie/splitjsb/,KIT_17N_MG2_C3,N703S527,Cacnes_classifiers/Cacnes_acera_lineagelevel.classifier Cacnes_classifiers/Cacnes_acera_phylogrouplevel.classifier,Pacnes_C1
/home/equ/mit_lieberman/raw_data/2020/D20-2578-4529L/D20-2578-4529L/split/ /home/equ/mit_lieberman/raw_data/2021/210608Lie/splitjsb/,KIT_54N_OR_12N_MG2_C4,N704S527,Cacnes_classifiers/Cacnes_acera_lineagelevel.classifier Cacnes_classifiers/Cacnes_acera_phylogrouplevel.classifier,Pacnes_C1
/home/equ/mit_lieberman/raw_data/2020/D20-2578-4529L/D20-2578-4529L/split/ /home/equ/mit_lieberman/raw_data/2021/210608Lie/splitjsb/,KIT_250N_MG2_C5,N705S527,Cacnes_classifiers/Cacnes_acera_lineagelevel.classifier Cacnes_classifiers/Cacnes_acera_phylogrouplevel.classifier,Pacnes_C1
/home/equ/mit_lieberman/raw_data/2020/D20-2578-4529L/D20-2578-4529L/split/ /home/equ/mit_lieberman/raw_data/2021/210608Lie/splitjsb/,KIT_240N_MG2_C6,N706S527,Cacnes_classifiers/Cacnes_acera_lineagelevel.classifier Cacnes_classifiers/Cacnes_acera_phylogrouplevel.classifier,Pacnes_C1
/home/equ/mit_lieberman/raw_data/2020/D20-2578-4529L/D20-2578-4529L/split/ /home/equ/mit_lieberman/raw_data/2021/210608Lie/splitjsb/,KIT_72N_MG2_C8,N708S527,Cacnes_classifiers/Cacnes_acera_lineagelevel.classifier Cacnes_classifiers/Cacnes_acera_phylogrouplevel.classifier,Pacnes_C1
/home/equ/mit_lieberman/raw_data/2020/D20-2578-4529L/D20-2578-4529L/split/ /home/equ/mit_lieberman/raw_data/2021/210608Lie/splitjsb/,KIT_65N_MG2_C9,N709S527,Cacnes_classifiers/Cacnes_acera_lineagelevel.classifier Cacnes_classifiers/Cacnes_acera_phylogrouplevel.classifier,Pacnes_C1
/home/equ/mit_lieberman/raw_data/2020/D20-2578-4529L/D20-2578-4529L/split/ /home/equ/mit_lieberman/raw_data/2021/210608Lie/splitjsb/,KIT_100N_MG2_C10,N710S527,Cacnes_classifiers/Cacnes_acera_lineagelevel.classifier Cacnes_classifiers/Cacnes_acera_phylogrouplevel.classifier,Pacnes_C1
/home/equ/mit_lieberman/raw_data/2020/D20-2578-4529L/D20-2578-4529L/split/ /home/equ/mit_lieberman/raw_data/2021/210608Lie/splitjsb/,KIT_UNKNOWN_C11_MG2_C11,N711S527,Cacnes_classifiers/Cacnes_acera_lineagelevel.classifier Cacnes_classifiers/Cacnes_acera_phylogrouplevel.classifier,Pacnes_C1
/home/equ/mit_lieberman/raw_data/2020/D20-2578-4529L/D20-2578-4529L/split/ /home/equ/mit_lieberman/raw_data/2021/210608Lie/splitjsb/,KIT_UNKNOWN_C12_MG2_C12,N712S527,Cacnes_classifiers/Cacnes_acera_lineagelevel.classifier Cacnes_classifiers/Cacnes_acera_phylogrouplevel.classifier,Pacnes_C1
/home/equ/mit_lieberman/raw_data/2020/D20-2578-4529L/D20-2578-4529L/split/ /home/equ/mit_lieberman/raw_data/2021/210608Lie/splitjsb/,KIT_69K_MG2_B1,N701S526,Cacnes_classifiers/Cacnes_acera_lineagelevel.classifier Cacnes_classifiers/Cacnes_acera_phylogrouplevel.classifier,Pacnes_C1
/home/equ/mit_lieberman/raw_data/2020/D20-2578-4529L/D20-2578-4529L/split/ /home/equ/mit_lieberman/raw_data/2021/210608Lie/splitjsb/,KIT_66K_MG2_B2,N702S526,Cacnes_classifiers/Cacnes_acera_lineagelevel.classifier Cacnes_classifiers/Cacnes_acera_phylogrouplevel.classifier,Pacnes_C1
/home/equ/mit_lieberman/raw_data/2020/D20-2578-4529L/D20-2578-4529L/split/ /home/equ/mit_lieberman/raw_data/2021/210608Lie/splitjsb/,KIT_17K_MG2_B3,N703S526,Cacnes_classifiers/Cacnes_acera_lineagelevel.classifier Cacnes_classifiers/Cacnes_acera_phylogrouplevel.classifier,Pacnes_C1
/home/equ/mit_lieberman/raw_data/2020/D20-2578-4529L/D20-2578-4529L/split/ /home/equ/mit_lieberman/raw_data/2021/210608Lie/splitjsb/,KIT_54K_OR_12K_MG2_B4,N704S526,Cacnes_classifiers/Cacnes_acera_lineagelevel.classifier Cacnes_classifiers/Cacnes_acera_phylogrouplevel.classifier,Pacnes_C1
/home/equ/mit_lieberman/raw_data/2020/D20-2578-4529L/D20-2578-4529L/split/ /home/equ/mit_lieberman/raw_data/2021/210608Lie/splitjsb/,KIT_250K_MG2_B5,N705S526,Cacnes_classifiers/Cacnes_acera_lineagelevel.classifier Cacnes_classifiers/Cacnes_acera_phylogrouplevel.classifier,Pacnes_C1
/home/equ/mit_lieberman/raw_data/2020/D20-2578-4529L/D20-2578-4529L/split/ /home/equ/mit_lieberman/raw_data/2021/210608Lie/splitjsb/,KIT_240K_MG2_B6,N706S526,Cacnes_classifiers/Cacnes_acera_lineagelevel.classifier Cacnes_classifiers/Cacnes_acera_phylogrouplevel.classifier,Pacnes_C1
/home/equ/mit_lieberman/raw_data/2020/D20-2578-4529L/D20-2578-4529L/split/ /home/equ/mit_lieberman/raw_data/2021/210608Lie/splitjsb/,KIT_228MK_MG2_B7,N707S526,Cacnes_classifiers/Cacnes_acera_lineagelevel.classifier Cacnes_classifiers/Cacnes_acera_phylogrouplevel.classifier,Pacnes_C1
/home/equ/mit_lieberman/raw_data/2020/D20-2578-4529L/D20-2578-4529L/split/ /home/equ/mit_lieberman/raw_data/2021/210608Lie/splitjsb/,KIT_72K_MG2_B8,N708S526,Cacnes_classifiers/Cacnes_acera_lineagelevel.classifier Cacnes_classifiers/Cacnes_acera_phylogrouplevel.classifier,Pacnes_C1
/home/equ/mit_lieberman/raw_data/2020/D20-2578-4529L/D20-2578-4529L/split/ /home/equ/mit_lieberman/raw_data/2021/210608Lie/splitjsb/,KIT_65K_MG2_B9,N709S526,Cacnes_classifiers/Cacnes_acera_lineagelevel.classifier Cacnes_classifiers/Cacnes_acera_phylogrouplevel.classifier,Pacnes_C1
/home/equ/mit_lieberman/raw_data/2020/D20-2578-4529L/D20-2578-4529L/split/ /home/equ/mit_lieberman/raw_data/2021/210608Lie/splitjsb/,KIT_100K_MG2_B10,N710S526,Cacnes_classifiers/Cacnes_acera_lineagelevel.classifier Cacnes_classifiers/Cacnes_acera_phylogrouplevel.classifier,Pacnes_C1
/home/equ/mit_lieberman/raw_data/2020/D20-2578-4529L/D20-2578-4529L/split/ /home/equ/mit_lieberman/raw_data/2021/210608Lie/splitjsb/,KIT_UNKNOWN_B11_MG2_B11,N711S526,Cacnes_classifiers/Cacnes_acera_lineagelevel.classifier Cacnes_classifiers/Cacnes_acera_phylogrouplevel.classifier,Pacnes_C1
/home/equ/mit_lieberman/raw_data/2020/D20-2578-4529L/D20-2578-4529L/split/ /home/equ/mit_lieberman/raw_data/2021/210608Lie/splitjsb/,KIT_UNKNOWN_B12_MG2_B12,N712S526,Cacnes_classifiers/Cacnes_acera_lineagelevel.classifier Cacnes_classifiers/Cacnes_acera_phylogrouplevel.classifier,Pacnes_C1
/home/equ/mit_lieberman/raw_data/2020/D20-2578-4529L/D20-2578-4529L/split/ /home/equ/mit_lieberman/raw_data/2021/210608Lie/splitjsb/,KIT_69C_MG2_A1,N701S525,Cacnes_classifiers/Cacnes_acera_lineagelevel.classifier Cacnes_classifiers/Cacnes_acera_phylogrouplevel.classifier,Pacnes_C1
/home/equ/mit_lieberman/raw_data/2020/D20-2578-4529L/D20-2578-4529L/split/ /home/equ/mit_lieberman/raw_data/2021/210608Lie/splitjsb/,KIT_66C_MG2_A2,N702S525,Cacnes_classifiers/Cacnes_acera_lineagelevel.classifier Cacnes_classifiers/Cacnes_acera_phylogrouplevel.classifier,Pacnes_C1
/home/equ/mit_lieberman/raw_data/2020/D20-2578-4529L/D20-2578-4529L/split/ /home/equ/mit_lieberman/raw_data/2021/210608Lie/splitjsb/,KIT_17C_MG2_A3,N703S525,Cacnes_classifiers/Cacnes_acera_lineagelevel.classifier Cacnes_classifiers/Cacnes_acera_phylogrouplevel.classifier,Pacnes_C1
/home/equ/mit_lieberman/raw_data/2020/D20-2578-4529L/D20-2578-4529L/split/ /home/equ/mit_lieberman/raw_data/2021/210608Lie/splitjsb/,KIT_54C_OR_12C_MG2_A4,N704S525,Cacnes_classifiers/Cacnes_acera_lineagelevel.classifier Cacnes_classifiers/Cacnes_acera_phylogrouplevel.classifier,Pacnes_C1
/home/equ/mit_lieberman/raw_data/2020/D20-2578-4529L/D20-2578-4529L/split/ /home/equ/mit_lieberman/raw_data/2021/210608Lie/splitjsb/,KIT_250C_MG2_A5,N705S525,Cacnes_classifiers/Cacnes_acera_lineagelevel.classifier Cacnes_classifiers/Cacnes_acera_phylogrouplevel.classifier,Pacnes_C1
/home/equ/mit_lieberman/raw_data/2020/D20-2578-4529L/D20-2578-4529L/split/ /home/equ/mit_lieberman/raw_data/2021/210608Lie/splitjsb/,KIT_240C_MG2_A6,N706S525,Cacnes_classifiers/Cacnes_acera_lineagelevel.classifier Cacnes_classifiers/Cacnes_acera_phylogrouplevel.classifier,Pacnes_C1
/home/equ/mit_lieberman/raw_data/2020/D20-2578-4529L/D20-2578-4529L/split/ /home/equ/mit_lieberman/raw_data/2021/210608Lie/splitjsb/,KIT_228MC_MG2_A7,N707S525,Cacnes_classifiers/Cacnes_acera_lineagelevel.classifier Cacnes_classifiers/Cacnes_acera_phylogrouplevel.classifier,Pacnes_C1
/home/equ/mit_lieberman/raw_data/2020/D20-2578-4529L/D20-2578-4529L/split/ /home/equ/mit_lieberman/raw_data/2021/210608Lie/splitjsb/,KIT_72C_MG2_A8,N708S525,Cacnes_classifiers/Cacnes_acera_lineagelevel.classifier Cacnes_classifiers/Cacnes_acera_phylogrouplevel.classifier,Pacnes_C1
/home/equ/mit_lieberman/raw_data/2020/D20-2578-4529L/D20-2578-4529L/split/ /home/equ/mit_lieberman/raw_data/2021/210608Lie/splitjsb/,KIT_65C_MG2_A9,N709S525,Cacnes_classifiers/Cacnes_acera_lineagelevel.classifier Cacnes_classifiers/Cacnes_acera_phylogrouplevel.classifier,Pacnes_C1
/home/equ/mit_lieberman/raw_data/2020/D20-2578-4529L/D20-2578-4529L/split/ /home/equ/mit_lieberman/raw_data/2021/210608Lie/splitjsb/,KIT_100C_MG2_A10,N710S525,Cacnes_classifiers/Cacnes_acera_lineagelevel.classifier Cacnes_classifiers/Cacnes_acera_phylogrouplevel.classifier,Pacnes_C1
/home/equ/mit_lieberman/raw_data/2020/D20-2578-4529L/D20-2578-4529L/split/ /home/equ/mit_lieberman/raw_data/2021/210608Lie/splitjsb/,KIT_UNKNOWN_A11_MG2_A11,N711S525,Cacnes_classifiers/Cacnes_acera_lineagelevel.classifier Cacnes_classifiers/Cacnes_acera_phylogrouplevel.classifier,Pacnes_C1
/home/equ/mit_lieberman/raw_data/2020/D20-2578-4529L/D20-2578-4529L/split/ /home/equ/mit_lieberman/raw_data/2021/210608Lie/splitjsb/,KIT_UNKNOWN_A12_MG2_A12,N712S525,Cacnes_classifiers/Cacnes_acera_lineagelevel.classifier Cacnes_classifiers/Cacnes_acera_phylogrouplevel.classifier,Pacnes_C1
/home/equ/mit_lieberman/raw_data/2020/D20-2578-4529L/D20-2578-4529L/split/ /home/equ/mit_lieberman/raw_data/2021/210209Lie/split_next/,KIT_246F_MG3_H1,N701S516,Cacnes_classifiers/Cacnes_acera_lineagelevel.classifier Cacnes_classifiers/Cacnes_acera_phylogrouplevel.classifier,Pacnes_C1
/home/equ/mit_lieberman/raw_data/2020/D20-2578-4529L/D20-2578-4529L/split/ /home/equ/mit_lieberman/raw_data/2021/210209Lie/split_next/,KIT_247F_MG3_H2,N702S516,Cacnes_classifiers/Cacnes_acera_lineagelevel.classifier Cacnes_classifiers/Cacnes_acera_phylogrouplevel.classifier,Pacnes_C1
/home/equ/mit_lieberman/raw_data/2020/D20-2578-4529L/D20-2578-4529L/split/ /home/equ/mit_lieberman/raw_data/2021/210209Lie/split_next/,KIT_254F_MG3_H3,N703S516,Cacnes_classifiers/Cacnes_acera_lineagelevel.classifier Cacnes_classifiers/Cacnes_acera_phylogrouplevel.classifier,Pacnes_C1
/home/equ/mit_lieberman/raw_data/2020/D20-2578-4529L/D20-2578-4529L/split/ /home/equ/mit_lieberman/raw_data/2021/210209Lie/split_next/,KIT_75F_MG3_H4,N704S516,Cacnes_classifiers/Cacnes_acera_lineagelevel.classifier Cacnes_classifiers/Cacnes_acera_phylogrouplevel.classifier,Pacnes_C1
/home/equ/mit_lieberman/raw_data/2020/D20-2578-4529L/D20-2578-4529L/split/ /home/equ/mit_lieberman/raw_data/2021/210209Lie/split_next/,KIT_233F_MG3_H5,N705S516,Cacnes_classifiers/Cacnes_acera_lineagelevel.classifier Cacnes_classifiers/Cacnes_acera_phylogrouplevel.classifier,Pacnes_C1
/home/equ/mit_lieberman/raw_data/2020/D20-2578-4529L/D20-2578-4529L/split/ /home/equ/mit_lieberman/raw_data/2021/210209Lie/split_next/,KIT_218F_MG3_H6,N706S516,Cacnes_classifiers/Cacnes_acera_lineagelevel.classifier Cacnes_classifiers/Cacnes_acera_phylogrouplevel.classifier,Pacnes_C1
/home/equ/mit_lieberman/raw_data/2020/D20-2578-4529L/D20-2578-4529L/split/ /home/equ/mit_lieberman/raw_data/2021/210209Lie/split_next/,KIT_24KF_MG3_H7,N707S516,Cacnes_classifiers/Cacnes_acera_lineagelevel.classifier Cacnes_classifiers/Cacnes_acera_phylogrouplevel.classifier,Pacnes_C1
/home/equ/mit_lieberman/raw_data/2020/D20-2578-4529L/D20-2578-4529L/split/ /home/equ/mit_lieberman/raw_data/2021/210209Lie/split_next/,KIT_248F_MG3_H8,N708S516,Cacnes_classifiers/Cacnes_acera_lineagelevel.classifier Cacnes_classifiers/Cacnes_acera_phylogrouplevel.classifier,Pacnes_C1
/home/equ/mit_lieberman/raw_data/2020/D20-2578-4529L/D20-2578-4529L/split/ /home/equ/mit_lieberman/raw_data/2021/210209Lie/split_next/,KIT_BLANK_MG3_H12,N712S516,Cacnes_classifiers/Cacnes_acera_lineagelevel.classifier Cacnes_classifiers/Cacnes_acera_phylogrouplevel.classifier,Pacnes_C1
/home/equ/mit_lieberman/raw_data/2020/D20-2578-4529L/D20-2578-4529L/split/ /home/equ/mit_lieberman/raw_data/2021/210209Lie/split_next/,KIT_246N_MG3_G1,N701S515,Cacnes_classifiers/Cacnes_acera_lineagelevel.classifier Cacnes_classifiers/Cacnes_acera_phylogrouplevel.classifier,Pacnes_C1
/home/equ/mit_lieberman/raw_data/2020/D20-2578-4529L/D20-2578-4529L/split/ /home/equ/mit_lieberman/raw_data/2021/210209Lie/split_next/,KIT_247N_MG3_G2,N702S515,Cacnes_classifiers/Cacnes_acera_lineagelevel.classifier Cacnes_classifiers/Cacnes_acera_phylogrouplevel.classifier,Pacnes_C1
/home/equ/mit_lieberman/raw_data/2020/D20-2578-4529L/D20-2578-4529L/split/ /home/equ/mit_lieberman/raw_data/2021/210209Lie/split_next/,KIT_254N_MG3_G3,N703S515,Cacnes_classifiers/Cacnes_acera_lineagelevel.classifier Cacnes_classifiers/Cacnes_acera_phylogrouplevel.classifier,Pacnes_C1
/home/equ/mit_lieberman/raw_data/2020/D20-2578-4529L/D20-2578-4529L/split/ /home/equ/mit_lieberman/raw_data/2021/210209Lie/split_next/,KIT_75N_MG3_G4,N704S515,Cacnes_classifiers/Cacnes_acera_lineagelevel.classifier Cacnes_classifiers/Cacnes_acera_phylogrouplevel.classifier,Pacnes_C1
/home/equ/mit_lieberman/raw_data/2020/D20-2578-4529L/D20-2578-4529L/split/ /home/equ/mit_lieberman/raw_data/2021/210209Lie/split_next/,KIT_233N_MG3_G5,N705S515,Cacnes_classifiers/Cacnes_acera_lineagelevel.classifier Cacnes_classifiers/Cacnes_acera_phylogrouplevel.classifier,Pacnes_C1
/home/equ/mit_lieberman/raw_data/2020/D20-2578-4529L/D20-2578-4529L/split/ /home/equ/mit_lieberman/raw_data/2021/210209Lie/split_next/,KIT_218N_MG3_G6,N706S515,Cacnes_classifiers/Cacnes_acera_lineagelevel.classifier Cacnes_classifiers/Cacnes_acera_phylogrouplevel.classifier,Pacnes_C1
/home/equ/mit_lieberman/raw_data/2020/D20-2578-4529L/D20-2578-4529L/split/ /home/equ/mit_lieberman/raw_data/2021/210209Lie/split_next/,KIT_24CN_MG3_G7,N707S515,Cacnes_classifiers/Cacnes_acera_lineagelevel.classifier Cacnes_classifiers/Cacnes_acera_phylogrouplevel.classifier,Pacnes_C1
/home/equ/mit_lieberman/raw_data/2020/D20-2578-4529L/D20-2578-4529L/split/ /home/equ/mit_lieberman/raw_data/2021/210209Lie/split_next/,KIT_248N_MG3_G8,N708S515,Cacnes_classifiers/Cacnes_acera_lineagelevel.classifier Cacnes_classifiers/Cacnes_acera_phylogrouplevel.classifier,Pacnes_C1
/home/equ/mit_lieberman/raw_data/2020/D20-2578-4529L/D20-2578-4529L/split/ /home/equ/mit_lieberman/raw_data/2021/210209Lie/split_next/,KIT_BLANK_MG3_G12,N712S515,Cacnes_classifiers/Cacnes_acera_lineagelevel.classifier Cacnes_classifiers/Cacnes_acera_phylogrouplevel.classifier,Pacnes_C1
/home/equ/mit_lieberman/raw_data/2020/D20-2578-4529L/D20-2578-4529L/split/ /home/equ/mit_lieberman/raw_data/2021/210209Lie/split_next/,KIT_246K_MG3_F1,N701S514,Cacnes_classifiers/Cacnes_acera_lineagelevel.classifier Cacnes_classifiers/Cacnes_acera_phylogrouplevel.classifier,Pacnes_C1
/home/equ/mit_lieberman/raw_data/2020/D20-2578-4529L/D20-2578-4529L/split/ /home/equ/mit_lieberman/raw_data/2021/210209Lie/split_next/,KIT_247K_MG3_F2,N702S514,Cacnes_classifiers/Cacnes_acera_lineagelevel.classifier Cacnes_classifiers/Cacnes_acera_phylogrouplevel.classifier,Pacnes_C1
/home/equ/mit_lieberman/raw_data/2020/D20-2578-4529L/D20-2578-4529L/split/ /home/equ/mit_lieberman/raw_data/2021/210209Lie/split_next/,KIT_254K_MG3_F3,N703S514,Cacnes_classifiers/Cacnes_acera_lineagelevel.classifier Cacnes_classifiers/Cacnes_acera_phylogrouplevel.classifier,Pacnes_C1
/home/equ/mit_lieberman/raw_data/2020/D20-2578-4529L/D20-2578-4529L/split/ /home/equ/mit_lieberman/raw_data/2021/210209Lie/split_next/,KIT_75K_MG3_F4,N704S514,Cacnes_classifiers/Cacnes_acera_lineagelevel.classifier Cacnes_classifiers/Cacnes_acera_phylogrouplevel.classifier,Pacnes_C1
/home/equ/mit_lieberman/raw_data/2020/D20-2578-4529L/D20-2578-4529L/split/ /home/equ/mit_lieberman/raw_data/2021/210209Lie/split_next/,KIT_233K_MG3_F5,N705S514,Cacnes_classifiers/Cacnes_acera_lineagelevel.classifier Cacnes_classifiers/Cacnes_acera_phylogrouplevel.classifier,Pacnes_C1
/home/equ/mit_lieberman/raw_data/2020/D20-2578-4529L/D20-2578-4529L/split/ /home/equ/mit_lieberman/raw_data/2021/210209Lie/split_next/,KIT_218K_MG3_F6,N706S514,Cacnes_classifiers/Cacnes_acera_lineagelevel.classifier Cacnes_classifiers/Cacnes_acera_phylogrouplevel.classifier,Pacnes_C1
/home/equ/mit_lieberman/raw_data/2020/D20-2578-4529L/D20-2578-4529L/split/ /home/equ/mit_lieberman/raw_data/2021/210209Lie/split_next/,KIT_30MK_MG3_F7,N707S514,Cacnes_classifiers/Cacnes_acera_lineagelevel.classifier Cacnes_classifiers/Cacnes_acera_phylogrouplevel.classifier,Pacnes_C1
/home/equ/mit_lieberman/raw_data/2020/D20-2578-4529L/D20-2578-4529L/split/ /home/equ/mit_lieberman/raw_data/2021/210209Lie/split_next/,KIT_228K_MG3_F8,N708S514,Cacnes_classifiers/Cacnes_acera_lineagelevel.classifier Cacnes_classifiers/Cacnes_acera_phylogrouplevel.classifier,Pacnes_C1
/home/equ/mit_lieberman/raw_data/2020/D20-2578-4529L/D20-2578-4529L/split/ /home/equ/mit_lieberman/raw_data/2021/210209Lie/split_next/,KIT_246C_MG3_E1,N701S513,Cacnes_classifiers/Cacnes_acera_lineagelevel.classifier Cacnes_classifiers/Cacnes_acera_phylogrouplevel.classifier,Pacnes_C1
/home/equ/mit_lieberman/raw_data/2020/D20-2578-4529L/D20-2578-4529L/split/ /home/equ/mit_lieberman/raw_data/2021/210209Lie/split_next/,KIT_247C_MG3_E2,N702S513,Cacnes_classifiers/Cacnes_acera_lineagelevel.classifier Cacnes_classifiers/Cacnes_acera_phylogrouplevel.classifier,Pacnes_C1
/home/equ/mit_lieberman/raw_data/2020/D20-2578-4529L/D20-2578-4529L/split/ /home/equ/mit_lieberman/raw_data/2021/210209Lie/split_next/,KIT_254C_MG3_E3,N703S513,Cacnes_classifiers/Cacnes_acera_lineagelevel.classifier Cacnes_classifiers/Cacnes_acera_phylogrouplevel.classifier,Pacnes_C1
/home/equ/mit_lieberman/raw_data/2020/D20-2578-4529L/D20-2578-4529L/split/ /home/equ/mit_lieberman/raw_data/2021/210209Lie/split_next/,KIT_75C_MG3_E4,N704S513,Cacnes_classifiers/Cacnes_acera_lineagelevel.classifier Cacnes_classifiers/Cacnes_acera_phylogrouplevel.classifier,Pacnes_C1
/home/equ/mit_lieberman/raw_data/2020/D20-2578-4529L/D20-2578-4529L/split/ /home/equ/mit_lieberman/raw_data/2021/210209Lie/split_next/,KIT_233C_MG3_E5,N705S513,Cacnes_classifiers/Cacnes_acera_lineagelevel.classifier Cacnes_classifiers/Cacnes_acera_phylogrouplevel.classifier,Pacnes_C1
/home/equ/mit_lieberman/raw_data/2020/D20-2578-4529L/D20-2578-4529L/split/ /home/equ/mit_lieberman/raw_data/2021/210209Lie/split_next/,KIT_218C_MG3_E6,N706S513,Cacnes_classifiers/Cacnes_acera_lineagelevel.classifier Cacnes_classifiers/Cacnes_acera_phylogrouplevel.classifier,Pacnes_C1
/home/equ/mit_lieberman/raw_data/2020/D20-2578-4529L/D20-2578-4529L/split/ /home/equ/mit_lieberman/raw_data/2021/210209Lie/split_next/,KIT_30C_MG3_E7,N707S513,Cacnes_classifiers/Cacnes_acera_lineagelevel.classifier Cacnes_classifiers/Cacnes_acera_phylogrouplevel.classifier,Pacnes_C1
/home/equ/mit_lieberman/raw_data/2020/D20-2578-4529L/D20-2578-4529L/split/ /home/equ/mit_lieberman/raw_data/2021/210209Lie/split_next/,KIT_228C_MG3_E8,N708S513,Cacnes_classifiers/Cacnes_acera_lineagelevel.classifier Cacnes_classifiers/Cacnes_acera_phylogrouplevel.classifier,Pacnes_C1
/home/equ/mit_lieberman/raw_data/2020/D20-2578-4529L/D20-2578-4529L/split/ /home/equ/mit_lieberman/raw_data/2021/210209Lie/split_next/,KIT_BLANK_MG3_E9,N709S513,Cacnes_classifiers/Cacnes_acera_lineagelevel.classifier Cacnes_classifiers/Cacnes_acera_phylogrouplevel.classifier,Pacnes_C1
/home/equ/mit_lieberman/raw_data/2020/D20-2578-4529L/D20-2578-4529L/split/ /home/equ/mit_lieberman/raw_data/2021/210209Lie/split_next/,KIT_213F_MG3_D1,N701S512,Cacnes_classifiers/Cacnes_acera_lineagelevel.classifier Cacnes_classifiers/Cacnes_acera_phylogrouplevel.classifier,Pacnes_C1
/home/equ/mit_lieberman/raw_data/2020/D20-2578-4529L/D20-2578-4529L/split/ /home/equ/mit_lieberman/raw_data/2021/210209Lie/split_next/,KIT_88F_MG3_D2,N702S512,Cacnes_classifiers/Cacnes_acera_lineagelevel.classifier Cacnes_classifiers/Cacnes_acera_phylogrouplevel.classifier,Pacnes_C1
/home/equ/mit_lieberman/raw_data/2020/D20-2578-4529L/D20-2578-4529L/split/ /home/equ/mit_lieberman/raw_data/2021/210209Lie/split_next/,KIT_79F_MG3_D3,N703S512,Cacnes_classifiers/Cacnes_acera_lineagelevel.classifier Cacnes_classifiers/Cacnes_acera_phylogrouplevel.classifier,Pacnes_C1
/home/equ/mit_lieberman/raw_data/2020/D20-2578-4529L/D20-2578-4529L/split/ /home/equ/mit_lieberman/raw_data/2021/210209Lie/split_next/,KIT_BLANK_D4_MG3_D4,N704S512,Cacnes_classifiers/Cacnes_acera_lineagelevel.classifier Cacnes_classifiers/Cacnes_acera_phylogrouplevel.classifier,Pacnes_C1
/home/equ/mit_lieberman/raw_data/2020/D20-2578-4529L/D20-2578-4529L/split/ /home/equ/mit_lieberman/raw_data/2021/210209Lie/split_next/,KIT_237F_MG3_D5,N705S512,Cacnes_classifiers/Cacnes_acera_lineagelevel.classifier Cacnes_classifiers/Cacnes_acera_phylogrouplevel.classifier,Pacnes_C1
/home/equ/mit_lieberman/raw_data/2020/D20-2578-4529L/D20-2578-4529L/split/ /home/equ/mit_lieberman/raw_data/2021/210209Lie/split_next/,KIT_76F_MG3_D6,N706S512,Cacnes_classifiers/Cacnes_acera_lineagelevel.classifier Cacnes_classifiers/Cacnes_acera_phylogrouplevel.classifier,Pacnes_C1
/home/equ/mit_lieberman/raw_data/2020/D20-2578-4529L/D20-2578-4529L/split/ /home/equ/mit_lieberman/raw_data/2021/210209Lie/split_next/,KIT_30F_MG3_D7,N707S512,Cacnes_classifiers/Cacnes_acera_lineagelevel.classifier Cacnes_classifiers/Cacnes_acera_phylogrouplevel.classifier,Pacnes_C1
/home/equ/mit_lieberman/raw_data/2020/D20-2578-4529L/D20-2578-4529L/split/ /home/equ/mit_lieberman/raw_data/2021/210209Lie/split_next/,KIT_213N_MG3_C1,N701S511,Cacnes_classifiers/Cacnes_acera_lineagelevel.classifier Cacnes_classifiers/Cacnes_acera_phylogrouplevel.classifier,Pacnes_C1
/home/equ/mit_lieberman/raw_data/2020/D20-2578-4529L/D20-2578-4529L/split/ /home/equ/mit_lieberman/raw_data/2021/210209Lie/split_next/,KIT_88N_MG3_C2,N702S511,Cacnes_classifiers/Cacnes_acera_lineagelevel.classifier Cacnes_classifiers/Cacnes_acera_phylogrouplevel.classifier,Pacnes_C1
/home/equ/mit_lieberman/raw_data/2020/D20-2578-4529L/D20-2578-4529L/split/ /home/equ/mit_lieberman/raw_data/2021/210209Lie/split_next/,KIT_79N_MG3_C3,N703S511,Cacnes_classifiers/Cacnes_acera_lineagelevel.classifier Cacnes_classifiers/Cacnes_acera_phylogrouplevel.classifier,Pacnes_C1
/home/equ/mit_lieberman/raw_data/2020/D20-2578-4529L/D20-2578-4529L/split/ /home/equ/mit_lieberman/raw_data/2021/210209Lie/split_next/,KIT_BLANK_C4_MG3_C4,N704S511,Cacnes_classifiers/Cacnes_acera_lineagelevel.classifier Cacnes_classifiers/Cacnes_acera_phylogrouplevel.classifier,Pacnes_C1
/home/equ/mit_lieberman/raw_data/2020/D20-2578-4529L/D20-2578-4529L/split/ /home/equ/mit_lieberman/raw_data/2021/210209Lie/split_next/,KIT_237N_MG3_C5,N705S511,Cacnes_classifiers/Cacnes_acera_lineagelevel.classifier Cacnes_classifiers/Cacnes_acera_phylogrouplevel.classifier,Pacnes_C1
/home/equ/mit_lieberman/raw_data/2020/D20-2578-4529L/D20-2578-4529L/split/ /home/equ/mit_lieberman/raw_data/2021/210209Lie/split_next/,KIT_76N_MG3_C6,N706S511,Cacnes_classifiers/Cacnes_acera_lineagelevel.classifier Cacnes_classifiers/Cacnes_acera_phylogrouplevel.classifier,Pacnes_C1
/home/equ/mit_lieberman/raw_data/2020/D20-2578-4529L/D20-2578-4529L/split/ /home/equ/mit_lieberman/raw_data/2021/210209Lie/split_next/,KIT_30N_MG3_C7,N707S511,Cacnes_classifiers/Cacnes_acera_lineagelevel.classifier Cacnes_classifiers/Cacnes_acera_phylogrouplevel.classifier,Pacnes_C1
/home/equ/mit_lieberman/raw_data/2020/D20-2578-4529L/D20-2578-4529L/split/ /home/equ/mit_lieberman/raw_data/2021/210209Lie/split_next/,KIT_213K_MG3_B1,N701S510,Cacnes_classifiers/Cacnes_acera_lineagelevel.classifier Cacnes_classifiers/Cacnes_acera_phylogrouplevel.classifier,Pacnes_C1
/home/equ/mit_lieberman/raw_data/2020/D20-2578-4529L/D20-2578-4529L/split/ /home/equ/mit_lieberman/raw_data/2021/210209Lie/split_next/,KIT_88K_MG3_B2,N702S510,Cacnes_classifiers/Cacnes_acera_lineagelevel.classifier Cacnes_classifiers/Cacnes_acera_phylogrouplevel.classifier,Pacnes_C1
/home/equ/mit_lieberman/raw_data/2020/D20-2578-4529L/D20-2578-4529L/split/ /home/equ/mit_lieberman/raw_data/2021/210209Lie/split_next/,KIT_79K_MG3_B3,N703S510,Cacnes_classifiers/Cacnes_acera_lineagelevel.classifier Cacnes_classifiers/Cacnes_acera_phylogrouplevel.classifier,Pacnes_C1
/home/equ/mit_lieberman/raw_data/2020/D20-2578-4529L/D20-2578-4529L/split/ /home/equ/mit_lieberman/raw_data/2021/210209Lie/split_next/,KIT_BLANK_B4_MG3_B4,N704S510,Cacnes_classifiers/Cacnes_acera_lineagelevel.classifier Cacnes_classifiers/Cacnes_acera_phylogrouplevel.classifier,Pacnes_C1
/home/equ/mit_lieberman/raw_data/2020/D20-2578-4529L/D20-2578-4529L/split/ /home/equ/mit_lieberman/raw_data/2021/210209Lie/split_next/,KIT_237K_MG3_B5,N705S510,Cacnes_classifiers/Cacnes_acera_lineagelevel.classifier Cacnes_classifiers/Cacnes_acera_phylogrouplevel.classifier,Pacnes_C1
/home/equ/mit_lieberman/raw_data/2020/D20-2578-4529L/D20-2578-4529L/split/ /home/equ/mit_lieberman/raw_data/2021/210209Lie/split_next/,KIT_76K_MG3_B6,N706S510,Cacnes_classifiers/Cacnes_acera_lineagelevel.classifier Cacnes_classifiers/Cacnes_acera_phylogrouplevel.classifier,Pacnes_C1
/home/equ/mit_lieberman/raw_data/2020/D20-2578-4529L/D20-2578-4529L/split/ /home/equ/mit_lieberman/raw_data/2021/210209Lie/split_next/,KIT_248K_MG3_B7,N707S510,Cacnes_classifiers/Cacnes_acera_lineagelevel.classifier Cacnes_classifiers/Cacnes_acera_phylogrouplevel.classifier,Pacnes_C1
/home/equ/mit_lieberman/raw_data/2020/D20-2578-4529L/D20-2578-4529L/split/ /home/equ/mit_lieberman/raw_data/2021/210209Lie/split_next/,KIT_213C_MG3_A1,N701S509,Cacnes_classifiers/Cacnes_acera_lineagelevel.classifier Cacnes_classifiers/Cacnes_acera_phylogrouplevel.classifier,Pacnes_C1
/home/equ/mit_lieberman/raw_data/2020/D20-2578-4529L/D20-2578-4529L/split/ /home/equ/mit_lieberman/raw_data/2021/210209Lie/split_next/,KIT_88C_MG3_A2,N702S509,Cacnes_classifiers/Cacnes_acera_lineagelevel.classifier Cacnes_classifiers/Cacnes_acera_phylogrouplevel.classifier,Pacnes_C1
/home/equ/mit_lieberman/raw_data/2020/D20-2578-4529L/D20-2578-4529L/split/ /home/equ/mit_lieberman/raw_data/2021/210209Lie/split_next/,KIT_79C_MG3_A3,N703S509,Cacnes_classifiers/Cacnes_acera_lineagelevel.classifier Cacnes_classifiers/Cacnes_acera_phylogrouplevel.classifier,Pacnes_C1
/home/equ/mit_lieberman/raw_data/2020/D20-2578-4529L/D20-2578-4529L/split/ /home/equ/mit_lieberman/raw_data/2021/210209Lie/split_next/,KIT_BLANK_A4_MG3_A4,N704S509,Cacnes_classifiers/Cacnes_acera_lineagelevel.classifier Cacnes_classifiers/Cacnes_acera_phylogrouplevel.classifier,Pacnes_C1
/home/equ/mit_lieberman/raw_data/2020/D20-2578-4529L/D20-2578-4529L/split/ /home/equ/mit_lieberman/raw_data/2021/210209Lie/split_next/,KIT_237C_MG3_A5,N705S509,Cacnes_classifiers/Cacnes_acera_lineagelevel.classifier Cacnes_classifiers/Cacnes_acera_phylogrouplevel.classifier,Pacnes_C1
/home/equ/mit_lieberman/raw_data/2020/D20-2578-4529L/D20-2578-4529L/split/ /home/equ/mit_lieberman/raw_data/2021/210209Lie/split_next/,KIT_76C_MG3_A6,N706S509,Cacnes_classifiers/Cacnes_acera_lineagelevel.classifier Cacnes_classifiers/Cacnes_acera_phylogrouplevel.classifier,Pacnes_C1
/home/equ/mit_lieberman/raw_data/2020/D20-2578-4529L/D20-2578-4529L/split/ /home/equ/mit_lieberman/raw_data/2021/210209Lie/split_next/,KIT_248C_MG3_A7,N707S509,Cacnes_classifiers/Cacnes_acera_lineagelevel.classifier Cacnes_classifiers/Cacnes_acera_phylogrouplevel.classifier,Pacnes_C1
/home/equ/mit_lieberman/raw_data/2020/D20-2578-4529L/D20-2578-4529L/split/ /home/equ/mit_lieberman/raw_data/2021/210209Lie/split_next/,KIT_BLANK_MG3_A8,N708S509,Cacnes_classifiers/Cacnes_acera_lineagelevel.classifier Cacnes_classifiers/Cacnes_acera_phylogrouplevel.classifier,Pacnes_C1
/home/equ/mit_lieberman/raw_data/2022/211221Lie/Lie_D21-11830/,KIT_303K_MG4_A1,GAACAATTCC+TCCAACTCTA,Cacnes_classifiers/Cacnes_acera_lineagelevel.classifier Cacnes_classifiers/Cacnes_acera_phylogrouplevel.classifier,Pacnes_C1
/home/equ/mit_lieberman/raw_data/2022/211221Lie/Lie_D21-11830/,KIT_303N_MG4_B1,TGTGGTCCGG+CTAGTGCTCT,Cacnes_classifiers/Cacnes_acera_lineagelevel.classifier Cacnes_classifiers/Cacnes_acera_phylogrouplevel.classifier,Pacnes_C1
/home/equ/mit_lieberman/raw_data/2022/211221Lie/Lie_D21-11830/,KIT_303F_MG4_C1,CTTCTAAGTC+CCTGTAGAGT,Cacnes_classifiers/Cacnes_acera_lineagelevel.classifier Cacnes_classifiers/Cacnes_acera_phylogrouplevel.classifier,Pacnes_C1
/home/equ/mit_lieberman/raw_data/2022/211221Lie/Lie_D21-11830/,KIT_221A_MG4_D1,AATATTGCCA+GGTGTCACCG,Cacnes_classifiers/Cacnes_acera_lineagelevel.classifier Cacnes_classifiers/Cacnes_acera_phylogrouplevel.classifier,Pacnes_C1
/home/equ/mit_lieberman/raw_data/2022/211221Lie/Lie_D21-11830/,KIT_221C_MG4_E1,TCGTGCATTC+ATACCAACGC,Cacnes_classifiers/Cacnes_acera_lineagelevel.classifier Cacnes_classifiers/Cacnes_acera_phylogrouplevel.classifier,Pacnes_C1
/home/equ/mit_lieberman/raw_data/2022/211221Lie/Lie_D21-11830/,KIT_221K_MG4_F1,AAGATACACG+TGTTAGCACA,Cacnes_classifiers/Cacnes_acera_lineagelevel.classifier Cacnes_classifiers/Cacnes_acera_phylogrouplevel.classifier,Pacnes_C1
/home/equ/mit_lieberman/raw_data/2022/211221Lie/Lie_D21-11830/,KIT_221N_MG4_G1,TGCAATGAAT+TTACTTCTGG,Cacnes_classifiers/Cacnes_acera_lineagelevel.classifier Cacnes_classifiers/Cacnes_acera_phylogrouplevel.classifier,Pacnes_C1
/home/equ/mit_lieberman/raw_data/2022/211221Lie/Lie_D21-11830/,KIT_221F_MG4_H1,CTATGAAGGA+CAGGTATAAG,Cacnes_classifiers/Cacnes_acera_lineagelevel.classifier Cacnes_classifiers/Cacnes_acera_phylogrouplevel.classifier,Pacnes_C1
/home/equ/mit_lieberman/raw_data/2022/211221Lie/Lie_D21-11830/,KIT_21N_MG4_A2,GAAGACTAGA+AAGTTCTAGT,Cacnes_classifiers/Cacnes_acera_lineagelevel.classifier Cacnes_classifiers/Cacnes_acera_phylogrouplevel.classifier,Pacnes_C1
/home/equ/mit_lieberman/raw_data/2022/211221Lie/Lie_D21-11830/,KIT_21F_MG4_B2,AGGAGTCGAG+GTAAGCCTAA,Cacnes_classifiers/Cacnes_acera_lineagelevel.classifier Cacnes_classifiers/Cacnes_acera_phylogrouplevel.classifier,Pacnes_C1
/home/equ/mit_lieberman/raw_data/2022/211221Lie/Lie_D21-11830/,KIT_69C_MG4_C2,TTCACTCACT+TCTCATGATA,Cacnes_classifiers/Cacnes_acera_lineagelevel.classifier Cacnes_classifiers/Cacnes_acera_phylogrouplevel.classifier,Pacnes_C1
/home/equ/mit_lieberman/raw_data/2022/211221Lie/Lie_D21-11830/,KIT_69K_MG4_D2,GGTCCGCTTC+CTTGTGTGAG,Cacnes_classifiers/Cacnes_acera_lineagelevel.classifier Cacnes_classifiers/Cacnes_acera_phylogrouplevel.classifier,Pacnes_C1
/home/equ/mit_lieberman/raw_data/2022/211221Lie/Lie_D21-11830/,KIT_69N_MG4_E2,CAACGAGAGC+CACTCAATTC,Cacnes_classifiers/Cacnes_acera_lineagelevel.classifier Cacnes_classifiers/Cacnes_acera_phylogrouplevel.classifier,Pacnes_C1
/home/equ/mit_lieberman/raw_data/2022/211221Lie/Lie_D21-11830/,KIT_69F_MG4_F2,ATTGAGGTCC+ATATAATCCG,Cacnes_classifiers/Cacnes_acera_lineagelevel.classifier Cacnes_classifiers/Cacnes_acera_phylogrouplevel.classifier,Pacnes_C1
/home/equ/mit_lieberman/raw_data/2022/211221Lie/Lie_D21-11830/,KIT_303A_MG4_G2,GGAGAGACTC+TCTGCTTCAA,Cacnes_classifiers/Cacnes_acera_lineagelevel.classifier Cacnes_classifiers/Cacnes_acera_phylogrouplevel.classifier,Pacnes_C1
/home/equ/mit_lieberman/raw_data/2022/211221Lie/Lie_D21-11830/,KIT_303C_MG4_H2,CCGCTCCGTT+CTTCGCCGTA,Cacnes_classifiers/Cacnes_acera_lineagelevel.classifier Cacnes_classifiers/Cacnes_acera_phylogrouplevel.classifier,Pacnes_C1
/home/equ/mit_lieberman/raw_data/2022/211221Lie/Lie_D21-11830/,KIT_53C_MG4_A3,ATACATCACA+TCAATGGAGA,Cacnes_classifiers/Cacnes_acera_lineagelevel.classifier Cacnes_classifiers/Cacnes_acera_phylogrouplevel.classifier,Pacnes_C1
/home/equ/mit_lieberman/raw_data/2022/211221Lie/Lie_D21-11830/,KIT_53K_MG4_B3,TAGGTATGTT+CTTGGTCTCG,Cacnes_classifiers/Cacnes_acera_lineagelevel.classifier Cacnes_classifiers/Cacnes_acera_phylogrouplevel.classifier,Pacnes_C1
/home/equ/mit_lieberman/raw_data/2022/211221Lie/Lie_D21-11830/,KIT_53N_MG4_C3,CACCTAGCAC+ATGTCCAGCA,Cacnes_classifiers/Cacnes_acera_lineagelevel.classifier Cacnes_classifiers/Cacnes_acera_phylogrouplevel.classifier,Pacnes_C1
/home/equ/mit_lieberman/raw_data/2022/211221Lie/Lie_D21-11830/,KIT_53F_MG4_D3,TTCAAGTATG+CGATACCATC,Cacnes_classifiers/Cacnes_acera_lineagelevel.classifier Cacnes_classifiers/Cacnes_acera_phylogrouplevel.classifier,Pacnes_C1
/home/equ/mit_lieberman/raw_data/2022/211221Lie/Lie_D21-11830/,KIT_72C_MG4_E3,TTAAGACAAG+CAATTAAGCC,Cacnes_classifiers/Cacnes_acera_lineagelevel.classifier Cacnes_classifiers/Cacnes_acera_phylogrouplevel.classifier,Pacnes_C1
/home/equ/mit_lieberman/raw_data/2022/211221Lie/Lie_D21-11830/,KIT_72K_MG4_F3,CACCTCTCTT+AGGAGTCGAG,Cacnes_classifiers/Cacnes_acera_lineagelevel.classifier Cacnes_classifiers/Cacnes_acera_phylogrouplevel.classifier,Pacnes_C1
/home/equ/mit_lieberman/raw_data/2022/211221Lie/Lie_D21-11830/,KIT_72N_MG4_G3,TTCTCGTGCA+CTCTGTGTAT,Cacnes_classifiers/Cacnes_acera_lineagelevel.classifier Cacnes_classifiers/Cacnes_acera_phylogrouplevel.classifier,Pacnes_C1
/home/equ/mit_lieberman/raw_data/2022/211221Lie/Lie_D21-11830/,KIT_72F_MG4_H3,GCTAGGAAGT+TCGTCCGAGA,Cacnes_classifiers/Cacnes_acera_lineagelevel.classifier Cacnes_classifiers/Cacnes_acera_phylogrouplevel.classifier,Pacnes_C1
/home/equ/mit_lieberman/raw_data/2022/211221Lie/Lie_D21-11830/,KIT_79C_MG4_A4,TTAATAGCAC+CAGACGTGGT,Cacnes_classifiers/Cacnes_acera_lineagelevel.classifier Cacnes_classifiers/Cacnes_acera_phylogrouplevel.classifier,Pacnes_C1
/home/equ/mit_lieberman/raw_data/2022/211221Lie/Lie_D21-11830/,KIT_79K_MG4_B4,CATTCACGCT+TGAGTACAAC,Cacnes_classifiers/Cacnes_acera_lineagelevel.classifier Cacnes_classifiers/Cacnes_acera_phylogrouplevel.classifier,Pacnes_C1
/home/equ/mit_lieberman/raw_data/2022/211221Lie/Lie_D21-11830/,KIT_79N_MG4_C4,GGCACTAAGG+GTTGACCTGA,Cacnes_classifiers/Cacnes_acera_lineagelevel.classifier Cacnes_classifiers/Cacnes_acera_phylogrouplevel.classifier,Pacnes_C1
/home/equ/mit_lieberman/raw_data/2022/211221Lie/Lie_D21-11830/,KIT_79F_MG4_D4,ATTCGGTACA+TCCTCGGACT,Cacnes_classifiers/Cacnes_acera_lineagelevel.classifier Cacnes_classifiers/Cacnes_acera_phylogrouplevel.classifier,Pacnes_C1
/home/equ/mit_lieberman/raw_data/2022/211221Lie/Lie_D21-11830/,KIT_240C_MG4_E4,ACTAATCTCC+AGATTAAGTG,Cacnes_classifiers/Cacnes_acera_lineagelevel.classifier Cacnes_classifiers/Cacnes_acera_phylogrouplevel.classifier,Pacnes_C1
/home/equ/mit_lieberman/raw_data/2022/211221Lie/Lie_D21-11830/,KIT_240K_MG4_F4,TGTGTTAGTA+TAACAGAGTA,Cacnes_classifiers/Cacnes_acera_lineagelevel.classifier Cacnes_classifiers/Cacnes_acera_phylogrouplevel.classifier,Pacnes_C1
/home/equ/mit_lieberman/raw_data/2022/211221Lie/Lie_D21-11830/,KIT_240N_MG4_G4,CAACGACCTA+ATCGAGTCGC,Cacnes_classifiers/Cacnes_acera_lineagelevel.classifier Cacnes_classifiers/Cacnes_acera_phylogrouplevel.classifier,Pacnes_C1
/home/equ/mit_lieberman/raw_data/2022/211221Lie/Lie_D21-11830/,KIT_240F_MG4_H4,CGGTCGGCAT+CCTTGCCTAG,Cacnes_classifiers/Cacnes_acera_lineagelevel.classifier Cacnes_classifiers/Cacnes_acera_phylogrouplevel.classifier,Pacnes_C1
/home/equ/mit_lieberman/raw_data/2022/211221Lie/Lie_D21-11830/,KIT_246C_MG4_A5,TCGACGCTAG+TTCGAAGAGG,Cacnes_classifiers/Cacnes_acera_lineagelevel.classifier Cacnes_classifiers/Cacnes_acera_phylogrouplevel.classifier,Pacnes_C1
/home/equ/mit_lieberman/raw_data/2022/211221Lie/Lie_D21-11830/,KIT_246K_MG4_B5,CTCGTAGGCA+AAGAGGATGA,Cacnes_classifiers/Cacnes_acera_lineagelevel.classifier Cacnes_classifiers/Cacnes_acera_phylogrouplevel.classifier,Pacnes_C1
/home/equ/mit_lieberman/raw_data/2022/211221Lie/Lie_D21-11830/,KIT_246N_MG4_C5,AAGTTCTAGT+TTATCTTACC,Cacnes_classifiers/Cacnes_acera_lineagelevel.classifier Cacnes_classifiers/Cacnes_acera_phylogrouplevel.classifier,Pacnes_C1
/home/equ/mit_lieberman/raw_data/2022/211221Lie/Lie_D21-11830/,KIT_246F_MG4_D5,CCAAGAGGTG+CTGGCTCGTT,Cacnes_classifiers/Cacnes_acera_lineagelevel.classifier Cacnes_classifiers/Cacnes_acera_phylogrouplevel.classifier,Pacnes_C1
/home/equ/mit_lieberman/raw_data/2022/211221Lie/Lie_D21-11830/,KIT_93C_MG4_E5,ATATCTGCTT+AGATTGTCTA,Cacnes_classifiers/Cacnes_acera_lineagelevel.classifier Cacnes_classifiers/Cacnes_acera_phylogrouplevel.classifier,Pacnes_C1
/home/equ/mit_lieberman/raw_data/2022/211221Lie/Lie_D21-11830/,KIT_93K_MG4_F5,TGGATCTGGC+TTCAGCATTG,Cacnes_classifiers/Cacnes_acera_lineagelevel.classifier Cacnes_classifiers/Cacnes_acera_phylogrouplevel.classifier,Pacnes_C1
/home/equ/mit_lieberman/raw_data/2022/211221Lie/Lie_D21-11830/,KIT_93N_MG4_G5,TTGAATCCAA+ACACCGTGAC,Cacnes_classifiers/Cacnes_acera_lineagelevel.classifier Cacnes_classifiers/Cacnes_acera_phylogrouplevel.classifier,Pacnes_C1
/home/equ/mit_lieberman/raw_data/2022/211221Lie/Lie_D21-11830/,KIT_93F_MG4_H5,CACGGCTAGT+CTTGTACACC,Cacnes_classifiers/Cacnes_acera_lineagelevel.classifier Cacnes_classifiers/Cacnes_acera_phylogrouplevel.classifier,Pacnes_C1
/home/equ/mit_lieberman/raw_data/2022/211221Lie/Lie_D21-11830/,KIT_61C_MG4_A6,GAGCTTGCCG+CCTGCAACCT,Cacnes_classifiers/Cacnes_acera_lineagelevel.classifier Cacnes_classifiers/Cacnes_acera_phylogrouplevel.classifier,Pacnes_C1
/home/equ/mit_lieberman/raw_data/2022/211221Lie/Lie_D21-11830/,KIT_61K_MG4_B6,AGCTAGCTTC+CTCCGTATTA,Cacnes_classifiers/Cacnes_acera_lineagelevel.classifier Cacnes_classifiers/Cacnes_acera_phylogrouplevel.classifier,Pacnes_C1
/home/equ/mit_lieberman/raw_data/2022/211221Lie/Lie_D21-11830/,KIT_61N_MG4_C6,CAATCCTTGT+TGCGTCTTCG,Cacnes_classifiers/Cacnes_acera_lineagelevel.classifier Cacnes_classifiers/Cacnes_acera_phylogrouplevel.classifier,Pacnes_C1
/home/equ/mit_lieberman/raw_data/2022/211221Lie/Lie_D21-11830/,KIT_61F_MG4_D6,CACCTGTTGC+ATGTGTCAAT,Cacnes_classifiers/Cacnes_acera_lineagelevel.classifier Cacnes_classifiers/Cacnes_acera_phylogrouplevel.classifier,Pacnes_C1
/home/equ/mit_lieberman/raw_data/2022/211221Lie/Lie_D21-11830/,KIT_3C_MG4_E6,CGTCACCTTG+CAATCGGCTG,Cacnes_classifiers/Cacnes_acera_lineagelevel.classifier Cacnes_classifiers/Cacnes_acera_phylogrouplevel.classifier,Pacnes_C1
/home/equ/mit_lieberman/raw_data/2022/211221Lie/Lie_D21-11830/,KIT_3K_MG4_F6,AATGACTGGT+ACGCGTGAGA,Cacnes_classifiers/Cacnes_acera_lineagelevel.classifier Cacnes_classifiers/Cacnes_acera_phylogrouplevel.classifier,Pacnes_C1
/home/equ/mit_lieberman/raw_data/2022/211221Lie/Lie_D21-11830/,KIT_3N_MG4_G6,ATGATTCCGG+CACGTCAGAG,Cacnes_classifiers/Cacnes_acera_lineagelevel.classifier Cacnes_classifiers/Cacnes_acera_phylogrouplevel.classifier,Pacnes_C1
/home/equ/mit_lieberman/raw_data/2022/211221Lie/Lie_D21-11830/,KIT_3F_MG4_H6,TTAGGCTCAA+TTCCATTCGA,Cacnes_classifiers/Cacnes_acera_lineagelevel.classifier Cacnes_classifiers/Cacnes_acera_phylogrouplevel.classifier,Pacnes_C1
/home/equ/mit_lieberman/raw_data/2022/211221Lie/Lie_D21-11830/,KIT_45C_MG4_A7,TGTAAGGTGG+CCAAGGCCTT,Cacnes_classifiers/Cacnes_acera_lineagelevel.classifier Cacnes_classifiers/Cacnes_acera_phylogrouplevel.classifier,Pacnes_C1
/home/equ/mit_lieberman/raw_data/2022/211221Lie/Lie_D21-11830/,KIT_45K_MG4_B7,CAACTGCAAC+GTTGCGTTCA,Cacnes_classifiers/Cacnes_acera_lineagelevel.classifier Cacnes_classifiers/Cacnes_acera_phylogrouplevel.classifier,Pacnes_C1
/home/equ/mit_lieberman/raw_data/2022/211221Lie/Lie_D21-11830/,KIT_45N_MG4_C7,ACATGAGTGA+AGCTAAGCGG,Cacnes_classifiers/Cacnes_acera_lineagelevel.classifier Cacnes_classifiers/Cacnes_acera_phylogrouplevel.classifier,Pacnes_C1
/home/equ/mit_lieberman/raw_data/2022/211221Lie/Lie_D21-11830/,KIT_45F_MG4_D7,GCAACCAGTC+TTCCTCGGTG,Cacnes_classifiers/Cacnes_acera_lineagelevel.classifier Cacnes_classifiers/Cacnes_acera_phylogrouplevel.classifier,Pacnes_C1
/home/equ/mit_lieberman/raw_data/2022/211221Lie/Lie_D21-11830/,KIT_244C_MG4_E7,GAGCGACGAT+TGATTATACG,Cacnes_classifiers/Cacnes_acera_lineagelevel.classifier Cacnes_classifiers/Cacnes_acera_phylogrouplevel.classifier,Pacnes_C1
/home/equ/mit_lieberman/raw_data/2022/211221Lie/Lie_D21-11830/,KIT_244K_MG4_F7,CGAACGCACC+GTTCTGTCAT,Cacnes_classifiers/Cacnes_acera_lineagelevel.classifier Cacnes_classifiers/Cacnes_acera_phylogrouplevel.classifier,Pacnes_C1
/home/equ/mit_lieberman/raw_data/2022/211221Lie/Lie_D21-11830/,KIT_244N_MG4_G7,TCTTACGCCG+TGCAATGAAT,Cacnes_classifiers/Cacnes_acera_lineagelevel.classifier Cacnes_classifiers/Cacnes_acera_phylogrouplevel.classifier,Pacnes_C1
/home/equ/mit_lieberman/raw_data/2022/211221Lie/Lie_D21-11830/,KIT_244F_MG4_H7,AGCTGATGTC+CAGGACATGA,Cacnes_classifiers/Cacnes_acera_lineagelevel.classifier Cacnes_classifiers/Cacnes_acera_phylogrouplevel.classifier,Pacnes_C1
/home/equ/mit_lieberman/raw_data/2022/211221Lie/Lie_D21-11830/,KIT_65C_MG4_A8,CTGAATTAGT+CGATCGAATT,Cacnes_classifiers/Cacnes_acera_lineagelevel.classifier Cacnes_classifiers/Cacnes_acera_phylogrouplevel.classifier,Pacnes_C1
/home/equ/mit_lieberman/raw_data/2022/211221Lie/Lie_D21-11830/,KIT_96K_MG4_B8,TAAGGAGGAA+AATGTCGGAA,Cacnes_classifiers/Cacnes_acera_lineagelevel.classifier Cacnes_classifiers/Cacnes_acera_phylogrouplevel.classifier,Pacnes_C1
/home/equ/mit_lieberman/raw_data/2022/211221Lie/Lie_D21-11830/,KIT_96N_MG4_C8,AGCTTACACA+GGTCGTGCCA,Cacnes_classifiers/Cacnes_acera_lineagelevel.classifier Cacnes_classifiers/Cacnes_acera_phylogrouplevel.classifier,Pacnes_C1
/home/equ/mit_lieberman/raw_data/2022/211221Lie/Lie_D21-11830/,KIT_96F_MG4_D8,AACCAGCCAC+GTGCTGTGGC,Cacnes_classifiers/Cacnes_acera_lineagelevel.classifier Cacnes_classifiers/Cacnes_acera_phylogrouplevel.classifier,Pacnes_C1
/home/equ/mit_lieberman/raw_data/2022/211221Lie/Lie_D21-11830/,KIT_90C_MG4_E8,CTTAAGTCGA+ACAACTACTG,Cacnes_classifiers/Cacnes_acera_lineagelevel.classifier Cacnes_classifiers/Cacnes_acera_phylogrouplevel.classifier,Pacnes_C1
/home/equ/mit_lieberman/raw_data/2022/211221Lie/Lie_D21-11830/,KIT_90K_MG4_F8,GCCTAACGTG+CTTGAGAGCT,Cacnes_classifiers/Cacnes_acera_lineagelevel.classifier Cacnes_classifiers/Cacnes_acera_phylogrouplevel.classifier,Pacnes_C1
/home/equ/mit_lieberman/raw_data/2022/211221Lie/Lie_D21-11830/,KIT_90N_MG4_G8,ACTTACTTCA+TAATTCCAGA,Cacnes_classifiers/Cacnes_acera_lineagelevel.classifier Cacnes_classifiers/Cacnes_acera_phylogrouplevel.classifier,Pacnes_C1
/home/equ/mit_lieberman/raw_data/2022/211221Lie/Lie_D21-11830/,KIT_90F_MG4_H8,CGCATTCCGT+CTCCACTAAT,Cacnes_classifiers/Cacnes_acera_lineagelevel.classifier Cacnes_classifiers/Cacnes_acera_phylogrouplevel.classifier,Pacnes_C1
/home/equ/mit_lieberman/raw_data/2022/211221Lie/Lie_D21-11830/,KIT_C2C2_MG4_A9,GATATCACAC+ACATATAGTC,Cacnes_classifiers/Cacnes_acera_lineagelevel.classifier Cacnes_classifiers/Cacnes_acera_phylogrouplevel.classifier,Pacnes_C1
/home/equ/mit_lieberman/raw_data/2022/211221Lie/Lie_D21-11830/,KIT_833C_MG4_B9,AGCGCTGTGT+GTTCCGAACG,Cacnes_classifiers/Cacnes_acera_lineagelevel.classifier Cacnes_classifiers/Cacnes_acera_phylogrouplevel.classifier,Pacnes_C1
/home/equ/mit_lieberman/raw_data/2022/211221Lie/Lie_D21-11830/,KIT_83K_MG4_C9,TCACCGCGCT+CTAGTATCGA,Cacnes_classifiers/Cacnes_acera_lineagelevel.classifier Cacnes_classifiers/Cacnes_acera_phylogrouplevel.classifier,Pacnes_C1
/home/equ/mit_lieberman/raw_data/2022/211221Lie/Lie_D21-11830/,KIT_83N_MG4_D9,GATAGCCTTG+CATTGTGGTA,Cacnes_classifiers/Cacnes_acera_lineagelevel.classifier Cacnes_classifiers/Cacnes_acera_phylogrouplevel.classifier,Pacnes_C1
/home/equ/mit_lieberman/raw_data/2022/211221Lie/Lie_D21-11830/,KIT_83F_MG4_E9,CCTGGACGCA+TGGTATACCA,Cacnes_classifiers/Cacnes_acera_lineagelevel.classifier Cacnes_classifiers/Cacnes_acera_phylogrouplevel.classifier,Pacnes_C1
/home/equ/mit_lieberman/raw_data/2022/211221Lie/Lie_D21-11830/,KIT_65C_MG4_F9,TTACGCACCT+CAACGAGAGC,Cacnes_classifiers/Cacnes_acera_lineagelevel.classifier Cacnes_classifiers/Cacnes_acera_phylogrouplevel.classifier,Pacnes_C1
/home/equ/mit_lieberman/raw_data/2022/211221Lie/Lie_D21-11830/,KIT_65K_MG4_G9,TCGTTGCTGC+TTCACGAGAC,Cacnes_classifiers/Cacnes_acera_lineagelevel.classifier Cacnes_classifiers/Cacnes_acera_phylogrouplevel.classifier,Pacnes_C1
/home/equ/mit_lieberman/raw_data/2022/211221Lie/Lie_D21-11830/,KIT_65N_MG4_H9,CGACAAGGAT+AGGTGGCCTT,Cacnes_classifiers/Cacnes_acera_lineagelevel.classifier Cacnes_classifiers/Cacnes_acera_phylogrouplevel.classifier,Pacnes_C1
/home/equ/mit_lieberman/raw_data/2022/211221Lie/Lie_D21-11830/,KIT_82C_MG4_A10,GTGTACCTTC+TAGCTCACAG,Cacnes_classifiers/Cacnes_acera_lineagelevel.classifier Cacnes_classifiers/Cacnes_acera_phylogrouplevel.classifier,Pacnes_C1
/home/equ/mit_lieberman/raw_data/2022/211221Lie/Lie_D21-11830/,KIT_82K_MG4_B10,ACCTGGCCAA+CGATCTGTGA,Cacnes_classifiers/Cacnes_acera_lineagelevel.classifier Cacnes_classifiers/Cacnes_acera_phylogrouplevel.classifier,Pacnes_C1
/home/equ/mit_lieberman/raw_data/2022/211221Lie/Lie_D21-11830/,KIT_82N_MG4_C10,TGTCTGGCCT+ATTGGCTTCT,Cacnes_classifiers/Cacnes_acera_lineagelevel.classifier Cacnes_classifiers/Cacnes_acera_phylogrouplevel.classifier,Pacnes_C1
/home/equ/mit_lieberman/raw_data/2022/211221Lie/Lie_D21-11830/,KIT_82F_MG4_D10,AGTTAATGCT+CGGCTGCAGT,Cacnes_classifiers/Cacnes_acera_lineagelevel.classifier Cacnes_classifiers/Cacnes_acera_phylogrouplevel.classifier,Pacnes_C1
/home/equ/mit_lieberman/raw_data/2022/211221Lie/Lie_D21-11830/,KIT_35C_MG4_E10,GGTGAGTAAT+ACTAGATGTT,Cacnes_classifiers/Cacnes_acera_lineagelevel.classifier Cacnes_classifiers/Cacnes_acera_phylogrouplevel.classifier,Pacnes_C1
/home/equ/mit_lieberman/raw_data/2022/211221Lie/Lie_D21-11830/,KIT_35K_MG4_F10,TACTCTGCGC+CATAGTAAGG,Cacnes_classifiers/Cacnes_acera_lineagelevel.classifier Cacnes_classifiers/Cacnes_acera_phylogrouplevel.classifier,Pacnes_C1
/home/equ/mit_lieberman/raw_data/2022/211221Lie/Lie_D21-11830/,KIT_35N_MG4_G10,AGGTATGGCG+GTCTCGCCAC,Cacnes_classifiers/Cacnes_acera_lineagelevel.classifier Cacnes_classifiers/Cacnes_acera_phylogrouplevel.classifier,Pacnes_C1
/home/equ/mit_lieberman/raw_data/2022/211221Lie/Lie_D21-11830/,KIT_35F_MG4_H10,TCCAGCCTGC+TGGATCTGGC,Cacnes_classifiers/Cacnes_acera_lineagelevel.classifier Cacnes_classifiers/Cacnes_acera_phylogrouplevel.classifier,Pacnes_C1
/home/equ/mit_lieberman/raw_data/2022/211221Lie/Lie_D21-11830/,KIT_98C_MG4_A11,GCCATATAAC+GATATTGTGT,Cacnes_classifiers/Cacnes_acera_lineagelevel.classifier Cacnes_classifiers/Cacnes_acera_phylogrouplevel.classifier,Pacnes_C1
/home/equ/mit_lieberman/raw_data/2022/211221Lie/Lie_D21-11830/,KIT_98K_MG4_B11,AGTGCGAGTG+ATTACCTCCA,Cacnes_classifiers/Cacnes_acera_lineagelevel.classifier Cacnes_classifiers/Cacnes_acera_phylogrouplevel.classifier,Pacnes_C1
/home/equ/mit_lieberman/raw_data/2022/211221Lie/Lie_D21-11830/,KIT_98N_MG4_C11,CTGAGCCGGT+TACGTGAAGG,Cacnes_classifiers/Cacnes_acera_lineagelevel.classifier Cacnes_classifiers/Cacnes_acera_phylogrouplevel.classifier,Pacnes_C1
/home/equ/mit_lieberman/raw_data/2022/211221Lie/Lie_D21-11830/,KIT_98F_MG4_D11,AACGGTCTAT+CCGCGTATAG,Cacnes_classifiers/Cacnes_acera_lineagelevel.classifier Cacnes_classifiers/Cacnes_acera_phylogrouplevel.classifier,Pacnes_C1
/home/equ/mit_lieberman/raw_data/2022/211221Lie/Lie_D21-11830/,KIT_77C_MG4_E11,GTTGCGTTCA+CAACTGCAAC,Cacnes_classifiers/Cacnes_acera_lineagelevel.classifier Cacnes_classifiers/Cacnes_acera_phylogrouplevel.classifier,Pacnes_C1
/home/equ/mit_lieberman/raw_data/2022/211221Lie/Lie_D21-11830/,KIT_77K_MG4_F11,CTTCAACCAC+AGGCGCATAA,Cacnes_classifiers/Cacnes_acera_lineagelevel.classifier Cacnes_classifiers/Cacnes_acera_phylogrouplevel.classifier,Pacnes_C1
/home/equ/mit_lieberman/raw_data/2022/211221Lie/Lie_D21-11830/,KIT_77N_MG4_G11,TCTATTCAGT+TGTACTGAGA,Cacnes_classifiers/Cacnes_acera_lineagelevel.classifier Cacnes_classifiers/Cacnes_acera_phylogrouplevel.classifier,Pacnes_C1
/home/equ/mit_lieberman/raw_data/2022/211221Lie/Lie_D21-11830/,KIT_77F_MG4_H11,CAAGACGTCC+TCCGTATACT,Cacnes_classifiers/Cacnes_acera_lineagelevel.classifier Cacnes_classifiers/Cacnes_acera_phylogrouplevel.classifier,Pacnes_C1
/home/equ/mit_lieberman/raw_data/2022/211221Lie/Lie_D21-11830/,KIT_MOCK7_MG4_A12,TGAGTACAAC+GTCCAAGCGT,Cacnes_classifiers/Cacnes_acera_lineagelevel.classifier Cacnes_classifiers/Cacnes_acera_phylogrouplevel.classifier,Pacnes_C1
/home/equ/mit_lieberman/raw_data/2022/211221Lie/Lie_D21-11830/,KIT_MOCK4_MG4_B12,CCGCGGTTCT+AATCTACTCC,Cacnes_classifiers/Cacnes_acera_lineagelevel.classifier Cacnes_classifiers/Cacnes_acera_phylogrouplevel.classifier,Pacnes_C1
/home/equ/mit_lieberman/raw_data/2022/211221Lie/Lie_D21-11830/,KIT_MOCK1_MG4_C12,ATTGATACTG+GGAGCGTGTA,Cacnes_classifiers/Cacnes_acera_lineagelevel.classifier Cacnes_classifiers/Cacnes_acera_phylogrouplevel.classifier,Pacnes_C1
/home/equ/mit_lieberman/raw_data/2022/211221Lie/Lie_D21-11830/,KIT_CALE_MG4_D12,GGATTATGGA+CTCTATCGGA,Cacnes_classifiers/Cacnes_acera_lineagelevel.classifier Cacnes_classifiers/Cacnes_acera_phylogrouplevel.classifier,Pacnes_C1
/home/equ/mit_lieberman/raw_data/2022/211221Lie/Lie_D21-11830/,KIT_CALE_MG4_E12,TGGTTCTCAT+CGGCCTTGAG,Cacnes_classifiers/Cacnes_acera_lineagelevel.classifier Cacnes_classifiers/Cacnes_acera_phylogrouplevel.classifier,Pacnes_C1
/home/equ/mit_lieberman/raw_data/2022/211221Lie/Lie_D21-11830/,KIT_CALE_MG4_F12,TCAACCACGA+TATGAACTTG,Cacnes_classifiers/Cacnes_acera_lineagelevel.classifier Cacnes_classifiers/Cacnes_acera_phylogrouplevel.classifier,Pacnes_C1
/home/equ/mit_lieberman/raw_data/2022/211221Lie/Lie_D21-11830/,KIT_21C_MG4_G12,TATGAACTTG+CCTAAGGATT,Cacnes_classifiers/Cacnes_acera_lineagelevel.classifier Cacnes_classifiers/Cacnes_acera_phylogrouplevel.classifier,Pacnes_C1
/home/equ/mit_lieberman/raw_data/2022/211221Lie/Lie_D21-11830/,KIT_21K_MG4_H12,AGTGGTTAAG+GTATTCCACC,Cacnes_classifiers/Cacnes_acera_lineagelevel.classifier Cacnes_classifiers/Cacnes_acera_phylogrouplevel.classifier,Pacnes_C1
/home/equ/mit_lieberman/raw_data/2022/211221Lie/Lie_D21-11831/,KIT_74C_MG5_A1,GAACAATTCC+TCCAACTCTA,Cacnes_classifiers/Cacnes_acera_lineagelevel.classifier Cacnes_classifiers/Cacnes_acera_phylogrouplevel.classifier,Pacnes_C1
/home/equ/mit_lieberman/raw_data/2022/211221Lie/Lie_D21-11831/,KIT_74K_MG5_B1,TGTGGTCCGG+CTAGTGCTCT,Cacnes_classifiers/Cacnes_acera_lineagelevel.classifier Cacnes_classifiers/Cacnes_acera_phylogrouplevel.classifier,Pacnes_C1
/home/equ/mit_lieberman/raw_data/2022/211221Lie/Lie_D21-11831/,KIT_74N_MG5_C1,CTTCTAAGTC+CCTGTAGAGT,Cacnes_classifiers/Cacnes_acera_lineagelevel.classifier Cacnes_classifiers/Cacnes_acera_phylogrouplevel.classifier,Pacnes_C1
/home/equ/mit_lieberman/raw_data/2022/211221Lie/Lie_D21-11831/,KIT_74F_MG5_D1,AATATTGCCA+GGTGTCACCG,Cacnes_classifiers/Cacnes_acera_lineagelevel.classifier Cacnes_classifiers/Cacnes_acera_phylogrouplevel.classifier,Pacnes_C1
/home/equ/mit_lieberman/raw_data/2022/211221Lie/Lie_D21-11831/,KIT_71C_MG5_E1,TCGTGCATTC+ATACCAACGC,Cacnes_classifiers/Cacnes_acera_lineagelevel.classifier Cacnes_classifiers/Cacnes_acera_phylogrouplevel.classifier,Pacnes_C1
/home/equ/mit_lieberman/raw_data/2022/211221Lie/Lie_D21-11831/,KIT_71K_MG5_F1,AAGATACACG+TGTTAGCACA,Cacnes_classifiers/Cacnes_acera_lineagelevel.classifier Cacnes_classifiers/Cacnes_acera_phylogrouplevel.classifier,Pacnes_C1
/home/equ/mit_lieberman/raw_data/2022/211221Lie/Lie_D21-11831/,KIT_71N_MG5_G1,TGCAATGAAT+TTACTTCTGG,Cacnes_classifiers/Cacnes_acera_lineagelevel.classifier Cacnes_classifiers/Cacnes_acera_phylogrouplevel.classifier,Pacnes_C1
/home/equ/mit_lieberman/raw_data/2022/211221Lie/Lie_D21-11831/,KIT_71F_MG5_H1,CTATGAAGGA+CAGGTATAAG,Cacnes_classifiers/Cacnes_acera_lineagelevel.classifier Cacnes_classifiers/Cacnes_acera_phylogrouplevel.classifier,Pacnes_C1
/home/equ/mit_lieberman/raw_data/2022/211221Lie/Lie_D21-11831/,KIT_66C_MG5_A2,GAAGACTAGA+AAGTTCTAGT,Cacnes_classifiers/Cacnes_acera_lineagelevel.classifier Cacnes_classifiers/Cacnes_acera_phylogrouplevel.classifier,Pacnes_C1
/home/equ/mit_lieberman/raw_data/2022/211221Lie/Lie_D21-11831/,KIT_66K_MG5_B2,AGGAGTCGAG+GTAAGCCTAA,Cacnes_classifiers/Cacnes_acera_lineagelevel.classifier Cacnes_classifiers/Cacnes_acera_phylogrouplevel.classifier,Pacnes_C1
/home/equ/mit_lieberman/raw_data/2022/211221Lie/Lie_D21-11831/,KIT_66N_MG5_C2,TTCACTCACT+TCTCATGATA,Cacnes_classifiers/Cacnes_acera_lineagelevel.classifier Cacnes_classifiers/Cacnes_acera_phylogrouplevel.classifier,Pacnes_C1
/home/equ/mit_lieberman/raw_data/2022/211221Lie/Lie_D21-11831/,KIT_66F_MG5_D2,GGTCCGCTTC+CTTGTGTGAG,Cacnes_classifiers/Cacnes_acera_lineagelevel.classifier Cacnes_classifiers/Cacnes_acera_phylogrouplevel.classifier,Pacnes_C1
/home/equ/mit_lieberman/raw_data/2022/211221Lie/Lie_D21-11831/,KIT_80C_MG5_E2,CAACGAGAGC+CACTCAATTC,Cacnes_classifiers/Cacnes_acera_lineagelevel.classifier Cacnes_classifiers/Cacnes_acera_phylogrouplevel.classifier,Pacnes_C1
/home/equ/mit_lieberman/raw_data/2022/211221Lie/Lie_D21-11831/,KIT_80K_MG5_F2,ATTGAGGTCC+ATATAATCCG,Cacnes_classifiers/Cacnes_acera_lineagelevel.classifier Cacnes_classifiers/Cacnes_acera_phylogrouplevel.classifier,Pacnes_C1
/home/equ/mit_lieberman/raw_data/2022/211221Lie/Lie_D21-11831/,KIT_80N_MG5_G2,GGAGAGACTC+TCTGCTTCAA,Cacnes_classifiers/Cacnes_acera_lineagelevel.classifier Cacnes_classifiers/Cacnes_acera_phylogrouplevel.classifier,Pacnes_C1
/home/equ/mit_lieberman/raw_data/2022/211221Lie/Lie_D21-11831/,KIT_80F_MG5_H2,CCGCTCCGTT+CTTCGCCGTA,Cacnes_classifiers/Cacnes_acera_lineagelevel.classifier Cacnes_classifiers/Cacnes_acera_phylogrouplevel.classifier,Pacnes_C1
/home/equ/mit_lieberman/raw_data/2022/211221Lie/Lie_D21-11831/,KIT_64C_MG5_A3,ATACATCACA+TCAATGGAGA,Cacnes_classifiers/Cacnes_acera_lineagelevel.classifier Cacnes_classifiers/Cacnes_acera_phylogrouplevel.classifier,Pacnes_C1
/home/equ/mit_lieberman/raw_data/2022/211221Lie/Lie_D21-11831/,KIT_64K_MG5_B3,TAGGTATGTT+CTTGGTCTCG,Cacnes_classifiers/Cacnes_acera_lineagelevel.classifier Cacnes_classifiers/Cacnes_acera_phylogrouplevel.classifier,Pacnes_C1
/home/equ/mit_lieberman/raw_data/2022/211221Lie/Lie_D21-11831/,KIT_64N_MG5_C3,CACCTAGCAC+ATGTCCAGCA,Cacnes_classifiers/Cacnes_acera_lineagelevel.classifier Cacnes_classifiers/Cacnes_acera_phylogrouplevel.classifier,Pacnes_C1
/home/equ/mit_lieberman/raw_data/2022/211221Lie/Lie_D21-11831/,KIT_64F_MG5_D3,TTCAAGTATG+CGATACCATC,Cacnes_classifiers/Cacnes_acera_lineagelevel.classifier Cacnes_classifiers/Cacnes_acera_phylogrouplevel.classifier,Pacnes_C1
/home/equ/mit_lieberman/raw_data/2022/211221Lie/Lie_D21-11831/,KIT_85C_MG5_E3,TTAAGACAAG+CAATTAAGCC,Cacnes_classifiers/Cacnes_acera_lineagelevel.classifier Cacnes_classifiers/Cacnes_acera_phylogrouplevel.classifier,Pacnes_C1
/home/equ/mit_lieberman/raw_data/2022/211221Lie/Lie_D21-11831/,KIT_85K_MG5_F3,CACCTCTCTT+AGGAGTCGAG,Cacnes_classifiers/Cacnes_acera_lineagelevel.classifier Cacnes_classifiers/Cacnes_acera_phylogrouplevel.classifier,Pacnes_C1
/home/equ/mit_lieberman/raw_data/2022/211221Lie/Lie_D21-11831/,KIT_85N_MG5_G3,TTCTCGTGCA+CTCTGTGTAT,Cacnes_classifiers/Cacnes_acera_lineagelevel.classifier Cacnes_classifiers/Cacnes_acera_phylogrouplevel.classifier,Pacnes_C1
/home/equ/mit_lieberman/raw_data/2022/211221Lie/Lie_D21-11831/,KIT_85F_MG5_H3,GCTAGGAAGT+TCGTCCGAGA,Cacnes_classifiers/Cacnes_acera_lineagelevel.classifier Cacnes_classifiers/Cacnes_acera_phylogrouplevel.classifier,Pacnes_C1
/home/equ/mit_lieberman/raw_data/2022/211221Lie/Lie_D21-11831/,KIT_94C_MG5_A4,TTAATAGCAC+CAGACGTGGT,Cacnes_classifiers/Cacnes_acera_lineagelevel.classifier Cacnes_classifiers/Cacnes_acera_phylogrouplevel.classifier,Pacnes_C1
/home/equ/mit_lieberman/raw_data/2022/211221Lie/Lie_D21-11831/,KIT_94K_MG5_B4,CATTCACGCT+TGAGTACAAC,Cacnes_classifiers/Cacnes_acera_lineagelevel.classifier Cacnes_classifiers/Cacnes_acera_phylogrouplevel.classifier,Pacnes_C1
/home/equ/mit_lieberman/raw_data/2022/211221Lie/Lie_D21-11831/,KIT_94N_MG5_C4,GGCACTAAGG+GTTGACCTGA,Cacnes_classifiers/Cacnes_acera_lineagelevel.classifier Cacnes_classifiers/Cacnes_acera_phylogrouplevel.classifier,Pacnes_C1
/home/equ/mit_lieberman/raw_data/2022/211221Lie/Lie_D21-11831/,KIT_94F_MG5_D4,ATTCGGTACA+TCCTCGGACT,Cacnes_classifiers/Cacnes_acera_lineagelevel.classifier Cacnes_classifiers/Cacnes_acera_phylogrouplevel.classifier,Pacnes_C1
/home/equ/mit_lieberman/raw_data/2022/211221Lie/Lie_D21-11831/,KIT_68C_MG5_E4,ACTAATCTCC+AGATTAAGTG,Cacnes_classifiers/Cacnes_acera_lineagelevel.classifier Cacnes_classifiers/Cacnes_acera_phylogrouplevel.classifier,Pacnes_C1
/home/equ/mit_lieberman/raw_data/2022/211221Lie/Lie_D21-11831/,KIT_68K_MG5_F4,TGTGTTAGTA+TAACAGAGTA,Cacnes_classifiers/Cacnes_acera_lineagelevel.classifier Cacnes_classifiers/Cacnes_acera_phylogrouplevel.classifier,Pacnes_C1
/home/equ/mit_lieberman/raw_data/2022/211221Lie/Lie_D21-11831/,KIT_68N_MG5_G4,CAACGACCTA+ATCGAGTCGC,Cacnes_classifiers/Cacnes_acera_lineagelevel.classifier Cacnes_classifiers/Cacnes_acera_phylogrouplevel.classifier,Pacnes_C1
/home/equ/mit_lieberman/raw_data/2022/211221Lie/Lie_D21-11831/,KIT_68F_MG5_H4,CGGTCGGCAT+CCTTGCCTAG,Cacnes_classifiers/Cacnes_acera_lineagelevel.classifier Cacnes_classifiers/Cacnes_acera_phylogrouplevel.classifier,Pacnes_C1
/home/equ/mit_lieberman/raw_data/2022/211221Lie/Lie_D21-11831/,KIT_24C_MG5_A5,TCGACGCTAG+TTCGAAGAGG,Cacnes_classifiers/Cacnes_acera_lineagelevel.classifier Cacnes_classifiers/Cacnes_acera_phylogrouplevel.classifier,Pacnes_C1
/home/equ/mit_lieberman/raw_data/2022/211221Lie/Lie_D21-11831/,KIT_24K_MG5_B5,CTCGTAGGCA+AAGAGGATGA,Cacnes_classifiers/Cacnes_acera_lineagelevel.classifier Cacnes_classifiers/Cacnes_acera_phylogrouplevel.classifier,Pacnes_C1
/home/equ/mit_lieberman/raw_data/2022/211221Lie/Lie_D21-11831/,KIT_24N_MG5_C5,AAGTTCTAGT+TTATCTTACC,Cacnes_classifiers/Cacnes_acera_lineagelevel.classifier Cacnes_classifiers/Cacnes_acera_phylogrouplevel.classifier,Pacnes_C1
/home/equ/mit_lieberman/raw_data/2022/211221Lie/Lie_D21-11831/,KIT_24F_MG5_D5,CCAAGAGGTG+CTGGCTCGTT,Cacnes_classifiers/Cacnes_acera_lineagelevel.classifier Cacnes_classifiers/Cacnes_acera_phylogrouplevel.classifier,Pacnes_C1
/home/equ/mit_lieberman/raw_data/2022/211221Lie/Lie_D21-11831/,KIT_30C_MG5_E5,ATATCTGCTT+AGATTGTCTA,Cacnes_classifiers/Cacnes_acera_lineagelevel.classifier Cacnes_classifiers/Cacnes_acera_phylogrouplevel.classifier,Pacnes_C1
/home/equ/mit_lieberman/raw_data/2022/211221Lie/Lie_D21-11831/,KIT_30K_MG5_F5,TGGATCTGGC+TTCAGCATTG,Cacnes_classifiers/Cacnes_acera_lineagelevel.classifier Cacnes_classifiers/Cacnes_acera_phylogrouplevel.classifier,Pacnes_C1
/home/equ/mit_lieberman/raw_data/2022/211221Lie/Lie_D21-11831/,KIT_30N_MG5_G5,TTGAATCCAA+ACACCGTGAC,Cacnes_classifiers/Cacnes_acera_lineagelevel.classifier Cacnes_classifiers/Cacnes_acera_phylogrouplevel.classifier,Pacnes_C1
/home/equ/mit_lieberman/raw_data/2022/211221Lie/Lie_D21-11831/,KIT_30F_MG5_H5,CACGGCTAGT+CTTGTACACC,Cacnes_classifiers/Cacnes_acera_lineagelevel.classifier Cacnes_classifiers/Cacnes_acera_phylogrouplevel.classifier,Pacnes_C1
/home/equ/mit_lieberman/raw_data/2022/211221Lie/Lie_D21-11831/,KIT_100C_MG5_A6,GAGCTTGCCG+CCTGCAACCT,Cacnes_classifiers/Cacnes_acera_lineagelevel.classifier Cacnes_classifiers/Cacnes_acera_phylogrouplevel.classifier,Pacnes_C1
/home/equ/mit_lieberman/raw_data/2022/211221Lie/Lie_D21-11831/,KIT_100K_MG5_B6,AGCTAGCTTC+CTCCGTATTA,Cacnes_classifiers/Cacnes_acera_lineagelevel.classifier Cacnes_classifiers/Cacnes_acera_phylogrouplevel.classifier,Pacnes_C1
/home/equ/mit_lieberman/raw_data/2022/211221Lie/Lie_D21-11831/,KIT_100N_MG5_C6,CAATCCTTGT+TGCGTCTTCG,Cacnes_classifiers/Cacnes_acera_lineagelevel.classifier Cacnes_classifiers/Cacnes_acera_phylogrouplevel.classifier,Pacnes_C1
/home/equ/mit_lieberman/raw_data/2022/211221Lie/Lie_D21-11831/,KIT_100F_MG5_D6,CACCTGTTGC+ATGTGTCAAT,Cacnes_classifiers/Cacnes_acera_lineagelevel.classifier Cacnes_classifiers/Cacnes_acera_phylogrouplevel.classifier,Pacnes_C1
/home/equ/mit_lieberman/raw_data/2022/211221Lie/Lie_D21-11831/,KIT_8C_MG5_E6,CGTCACCTTG+CAATCGGCTG,Cacnes_classifiers/Cacnes_acera_lineagelevel.classifier Cacnes_classifiers/Cacnes_acera_phylogrouplevel.classifier,Pacnes_C1
/home/equ/mit_lieberman/raw_data/2022/211221Lie/Lie_D21-11831/,KIT_8K_MG5_F6,AATGACTGGT+ACGCGTGAGA,Cacnes_classifiers/Cacnes_acera_lineagelevel.classifier Cacnes_classifiers/Cacnes_acera_phylogrouplevel.classifier,Pacnes_C1
/home/equ/mit_lieberman/raw_data/2022/211221Lie/Lie_D21-11831/,KIT_8N_MG5_G6,ATGATTCCGG+CACGTCAGAG,Cacnes_classifiers/Cacnes_acera_lineagelevel.classifier Cacnes_classifiers/Cacnes_acera_phylogrouplevel.classifier,Pacnes_C1
/home/equ/mit_lieberman/raw_data/2022/211221Lie/Lie_D21-11831/,KIT_8F_MG5_H6,TTAGGCTCAA+TTCCATTCGA,Cacnes_classifiers/Cacnes_acera_lineagelevel.classifier Cacnes_classifiers/Cacnes_acera_phylogrouplevel.classifier,Pacnes_C1
/home/equ/mit_lieberman/raw_data/2022/211221Lie/Lie_D21-11831/,KIT_222K_MG5_A7,TGTAAGGTGG+CCAAGGCCTT,Cacnes_classifiers/Cacnes_acera_lineagelevel.classifier Cacnes_classifiers/Cacnes_acera_phylogrouplevel.classifier,Pacnes_C1
/home/equ/mit_lieberman/raw_data/2022/211221Lie/Lie_D21-11831/,KIT_222N_MG5_B7,CAACTGCAAC+GTTGCGTTCA,Cacnes_classifiers/Cacnes_acera_lineagelevel.classifier Cacnes_classifiers/Cacnes_acera_phylogrouplevel.classifier,Pacnes_C1
/home/equ/mit_lieberman/raw_data/2022/211221Lie/Lie_D21-11831/,KIT_222F_MG5_C7,ACATGAGTGA+AGCTAAGCGG,Cacnes_classifiers/Cacnes_acera_lineagelevel.classifier Cacnes_classifiers/Cacnes_acera_phylogrouplevel.classifier,Pacnes_C1
/home/equ/mit_lieberman/raw_data/2022/211221Lie/Lie_D21-11831/,KIT_318A_MG5_D7,GCAACCAGTC+TTCCTCGGTG,Cacnes_classifiers/Cacnes_acera_lineagelevel.classifier Cacnes_classifiers/Cacnes_acera_phylogrouplevel.classifier,Pacnes_C1
/home/equ/mit_lieberman/raw_data/2022/211221Lie/Lie_D21-11831/,KIT_318C_MG5_E7,GAGCGACGAT+TGATTATACG,Cacnes_classifiers/Cacnes_acera_lineagelevel.classifier Cacnes_classifiers/Cacnes_acera_phylogrouplevel.classifier,Pacnes_C1
/home/equ/mit_lieberman/raw_data/2022/211221Lie/Lie_D21-11831/,KIT_318K_MG5_F7,CGAACGCACC+GTTCTGTCAT,Cacnes_classifiers/Cacnes_acera_lineagelevel.classifier Cacnes_classifiers/Cacnes_acera_phylogrouplevel.classifier,Pacnes_C1
/home/equ/mit_lieberman/raw_data/2022/211221Lie/Lie_D21-11831/,KIT_318N_MG5_G7,TCTTACGCCG+TGCAATGAAT,Cacnes_classifiers/Cacnes_acera_lineagelevel.classifier Cacnes_classifiers/Cacnes_acera_phylogrouplevel.classifier,Pacnes_C1
/home/equ/mit_lieberman/raw_data/2022/211221Lie/Lie_D21-11831/,KIT_318F_MG5_H7,AGCTGATGTC+CAGGACATGA,Cacnes_classifiers/Cacnes_acera_lineagelevel.classifier Cacnes_classifiers/Cacnes_acera_phylogrouplevel.classifier,Pacnes_C1
/home/equ/mit_lieberman/raw_data/2022/211221Lie/Lie_D21-11831/,KIT_256F_MG5_A8,CTGAATTAGT+CGATCGAATT,Cacnes_classifiers/Cacnes_acera_lineagelevel.classifier Cacnes_classifiers/Cacnes_acera_phylogrouplevel.classifier,Pacnes_C1
/home/equ/mit_lieberman/raw_data/2022/211221Lie/Lie_D21-11831/,KIT_320A_MG5_B8,TAAGGAGGAA+AATGTCGGAA,Cacnes_classifiers/Cacnes_acera_lineagelevel.classifier Cacnes_classifiers/Cacnes_acera_phylogrouplevel.classifier,Pacnes_C1
/home/equ/mit_lieberman/raw_data/2022/211221Lie/Lie_D21-11831/,KIT_320C_MG5_C8,AGCTTACACA+GGTCGTGCCA,Cacnes_classifiers/Cacnes_acera_lineagelevel.classifier Cacnes_classifiers/Cacnes_acera_phylogrouplevel.classifier,Pacnes_C1
/home/equ/mit_lieberman/raw_data/2022/211221Lie/Lie_D21-11831/,KIT_320K_MG5_D8,AACCAGCCAC+GTGCTGTGGC,Cacnes_classifiers/Cacnes_acera_lineagelevel.classifier Cacnes_classifiers/Cacnes_acera_phylogrouplevel.classifier,Pacnes_C1
/home/equ/mit_lieberman/raw_data/2022/211221Lie/Lie_D21-11831/,KIT_320N_MG5_E8,CTTAAGTCGA+ACAACTACTG,Cacnes_classifiers/Cacnes_acera_lineagelevel.classifier Cacnes_classifiers/Cacnes_acera_phylogrouplevel.classifier,Pacnes_C1
/home/equ/mit_lieberman/raw_data/2022/211221Lie/Lie_D21-11831/,KIT_320F_MG5_F8,GCCTAACGTG+CTTGAGAGCT,Cacnes_classifiers/Cacnes_acera_lineagelevel.classifier Cacnes_classifiers/Cacnes_acera_phylogrouplevel.classifier,Pacnes_C1
/home/equ/mit_lieberman/raw_data/2022/211221Lie/Lie_D21-11831/,KIT_222A_MG5_G8,ACTTACTTCA+TAATTCCAGA,Cacnes_classifiers/Cacnes_acera_lineagelevel.classifier Cacnes_classifiers/Cacnes_acera_phylogrouplevel.classifier,Pacnes_C1
/home/equ/mit_lieberman/raw_data/2022/211221Lie/Lie_D21-11831/,KIT_222C_MG5_H8,CGCATTCCGT+CTCCACTAAT,Cacnes_classifiers/Cacnes_acera_lineagelevel.classifier Cacnes_classifiers/Cacnes_acera_phylogrouplevel.classifier,Pacnes_C1
/home/equ/mit_lieberman/raw_data/2022/211221Lie/Lie_D21-11831/,KIT_306A_MG5_A9,GATATCACAC+ACATATAGTC,Cacnes_classifiers/Cacnes_acera_lineagelevel.classifier Cacnes_classifiers/Cacnes_acera_phylogrouplevel.classifier,Pacnes_C1
/home/equ/mit_lieberman/raw_data/2022/211221Lie/Lie_D21-11831/,KIT_306C_MG5_B9,AGCGCTGTGT+GTTCCGAACG,Cacnes_classifiers/Cacnes_acera_lineagelevel.classifier Cacnes_classifiers/Cacnes_acera_phylogrouplevel.classifier,Pacnes_C1
/home/equ/mit_lieberman/raw_data/2022/211221Lie/Lie_D21-11831/,KIT_306K_MG5_C9,TCACCGCGCT+CTAGTATCGA,Cacnes_classifiers/Cacnes_acera_lineagelevel.classifier Cacnes_classifiers/Cacnes_acera_phylogrouplevel.classifier,Pacnes_C1
/home/equ/mit_lieberman/raw_data/2022/211221Lie/Lie_D21-11831/,KIT_306N_MG5_D9,GATAGCCTTG+CATTGTGGTA,Cacnes_classifiers/Cacnes_acera_lineagelevel.classifier Cacnes_classifiers/Cacnes_acera_phylogrouplevel.classifier,Pacnes_C1
/home/equ/mit_lieberman/raw_data/2022/211221Lie/Lie_D21-11831/,KIT_306F_MG5_E9,CCTGGACGCA+TGGTATACCA,Cacnes_classifiers/Cacnes_acera_lineagelevel.classifier Cacnes_classifiers/Cacnes_acera_phylogrouplevel.classifier,Pacnes_C1
/home/equ/mit_lieberman/raw_data/2022/211221Lie/Lie_D21-11831/,KIT_256C_MG5_F9,TTACGCACCT+CAACGAGAGC,Cacnes_classifiers/Cacnes_acera_lineagelevel.classifier Cacnes_classifiers/Cacnes_acera_phylogrouplevel.classifier,Pacnes_C1
/home/equ/mit_lieberman/raw_data/2022/211221Lie/Lie_D21-11831/,KIT_256K_MG5_G9,TCGTTGCTGC+TTCACGAGAC,Cacnes_classifiers/Cacnes_acera_lineagelevel.classifier Cacnes_classifiers/Cacnes_acera_phylogrouplevel.classifier,Pacnes_C1
/home/equ/mit_lieberman/raw_data/2022/211221Lie/Lie_D21-11831/,KIT_256N_MG5_H9,CGACAAGGAT+AGGTGGCCTT,Cacnes_classifiers/Cacnes_acera_lineagelevel.classifier Cacnes_classifiers/Cacnes_acera_phylogrouplevel.classifier,Pacnes_C1
/home/equ/mit_lieberman/raw_data/2022/211221Lie/Lie_D21-11831/,KIT_319K_MG5_A10,GTGTACCTTC+TAGCTCACAG,Cacnes_classifiers/Cacnes_acera_lineagelevel.classifier Cacnes_classifiers/Cacnes_acera_phylogrouplevel.classifier,Pacnes_C1
/home/equ/mit_lieberman/raw_data/2022/211221Lie/Lie_D21-11831/,KIT_319N_MG5_B10,ACCTGGCCAA+CGATCTGTGA,Cacnes_classifiers/Cacnes_acera_lineagelevel.classifier Cacnes_classifiers/Cacnes_acera_phylogrouplevel.classifier,Pacnes_C1
/home/equ/mit_lieberman/raw_data/2022/211221Lie/Lie_D21-11831/,KIT_319F_MG5_C10,TGTCTGGCCT+ATTGGCTTCT,Cacnes_classifiers/Cacnes_acera_lineagelevel.classifier Cacnes_classifiers/Cacnes_acera_phylogrouplevel.classifier,Pacnes_C1
/home/equ/mit_lieberman/raw_data/2022/211221Lie/Lie_D21-11831/,KIT_314A_MG5_D10,AGTTAATGCT+CGGCTGCAGT,Cacnes_classifiers/Cacnes_acera_lineagelevel.classifier Cacnes_classifiers/Cacnes_acera_phylogrouplevel.classifier,Pacnes_C1
/home/equ/mit_lieberman/raw_data/2022/211221Lie/Lie_D21-11831/,KIT_314C_MG5_E10,GGTGAGTAAT+ACTAGATGTT,Cacnes_classifiers/Cacnes_acera_lineagelevel.classifier Cacnes_classifiers/Cacnes_acera_phylogrouplevel.classifier,Pacnes_C1
/home/equ/mit_lieberman/raw_data/2022/211221Lie/Lie_D21-11831/,KIT_314K_MG5_F10,TACTCTGCGC+CATAGTAAGG,Cacnes_classifiers/Cacnes_acera_lineagelevel.classifier Cacnes_classifiers/Cacnes_acera_phylogrouplevel.classifier,Pacnes_C1
/home/equ/mit_lieberman/raw_data/2022/211221Lie/Lie_D21-11831/,KIT_314N_MG5_G10,AGGTATGGCG+GTCTCGCCAC,Cacnes_classifiers/Cacnes_acera_lineagelevel.classifier Cacnes_classifiers/Cacnes_acera_phylogrouplevel.classifier,Pacnes_C1
/home/equ/mit_lieberman/raw_data/2022/211221Lie/Lie_D21-11831/,KIT_314F_MG5_H10,TCCAGCCTGC+TGGATCTGGC,Cacnes_classifiers/Cacnes_acera_lineagelevel.classifier Cacnes_classifiers/Cacnes_acera_phylogrouplevel.classifier,Pacnes_C1
/home/equ/mit_lieberman/raw_data/2022/211221Lie/Lie_D21-11831/,KIT_261F_MG5_A11,GCCATATAAC+GATATTGTGT,Cacnes_classifiers/Cacnes_acera_lineagelevel.classifier Cacnes_classifiers/Cacnes_acera_phylogrouplevel.classifier,Pacnes_C1
/home/equ/mit_lieberman/raw_data/2022/211221Lie/Lie_D21-11831/,KIT_317A_MG5_B11,AGTGCGAGTG+ATTACCTCCA,Cacnes_classifiers/Cacnes_acera_lineagelevel.classifier Cacnes_classifiers/Cacnes_acera_phylogrouplevel.classifier,Pacnes_C1
/home/equ/mit_lieberman/raw_data/2022/211221Lie/Lie_D21-11831/,KIT_317C_MG5_C11,CTGAGCCGGT+TACGTGAAGG,Cacnes_classifiers/Cacnes_acera_lineagelevel.classifier Cacnes_classifiers/Cacnes_acera_phylogrouplevel.classifier,Pacnes_C1
/home/equ/mit_lieberman/raw_data/2022/211221Lie/Lie_D21-11831/,KIT_317K_MG5_D11,AACGGTCTAT+CCGCGTATAG,Cacnes_classifiers/Cacnes_acera_lineagelevel.classifier Cacnes_classifiers/Cacnes_acera_phylogrouplevel.classifier,Pacnes_C1
/home/equ/mit_lieberman/raw_data/2022/211221Lie/Lie_D21-11831/,KIT_317N_MG5_E11,GTTGCGTTCA+CAACTGCAAC,Cacnes_classifiers/Cacnes_acera_lineagelevel.classifier Cacnes_classifiers/Cacnes_acera_phylogrouplevel.classifier,Pacnes_C1
/home/equ/mit_lieberman/raw_data/2022/211221Lie/Lie_D21-11831/,KIT_317F_MG5_F11,CTTCAACCAC+AGGCGCATAA,Cacnes_classifiers/Cacnes_acera_lineagelevel.classifier Cacnes_classifiers/Cacnes_acera_phylogrouplevel.classifier,Pacnes_C1
/home/equ/mit_lieberman/raw_data/2022/211221Lie/Lie_D21-11831/,KIT_319A_MG5_G11,TCTATTCAGT+TGTACTGAGA,Cacnes_classifiers/Cacnes_acera_lineagelevel.classifier Cacnes_classifiers/Cacnes_acera_phylogrouplevel.classifier,Pacnes_C1
/home/equ/mit_lieberman/raw_data/2022/211221Lie/Lie_D21-11831/,KIT_319C_MG5_H11,CAAGACGTCC+TCCGTATACT,Cacnes_classifiers/Cacnes_acera_lineagelevel.classifier Cacnes_classifiers/Cacnes_acera_phylogrouplevel.classifier,Pacnes_C1
/home/equ/mit_lieberman/raw_data/2022/211221Lie/Lie_D21-11831/,KIT_225C_MG5_A12,TGAGTACAAC+GTCCAAGCGT,Cacnes_classifiers/Cacnes_acera_lineagelevel.classifier Cacnes_classifiers/Cacnes_acera_phylogrouplevel.classifier,Pacnes_C1
/home/equ/mit_lieberman/raw_data/2022/211221Lie/Lie_D21-11831/,KIT_225K_MG5_B12,CCGCGGTTCT+AATCTACTCC,Cacnes_classifiers/Cacnes_acera_lineagelevel.classifier Cacnes_classifiers/Cacnes_acera_phylogrouplevel.classifier,Pacnes_C1
/home/equ/mit_lieberman/raw_data/2022/211221Lie/Lie_D21-11831/,KIT_225N_MG5_C12,ATTGATACTG+GGAGCGTGTA,Cacnes_classifiers/Cacnes_acera_lineagelevel.classifier Cacnes_classifiers/Cacnes_acera_phylogrouplevel.classifier,Pacnes_C1
/home/equ/mit_lieberman/raw_data/2022/211221Lie/Lie_D21-11831/,KIT_225F_MG5_D12,GGATTATGGA+CTCTATCGGA,Cacnes_classifiers/Cacnes_acera_lineagelevel.classifier Cacnes_classifiers/Cacnes_acera_phylogrouplevel.classifier,Pacnes_C1
/home/equ/mit_lieberman/raw_data/2022/211221Lie/Lie_D21-11831/,KIT_261A_MG5_E12,TGGTTCTCAT+CGGCCTTGAG,Cacnes_classifiers/Cacnes_acera_lineagelevel.classifier Cacnes_classifiers/Cacnes_acera_phylogrouplevel.classifier,Pacnes_C1
/home/equ/mit_lieberman/raw_data/2022/211221Lie/Lie_D21-11831/,KIT_261C_MG5_F12,TCAACCACGA+TATGAACTTG,Cacnes_classifiers/Cacnes_acera_lineagelevel.classifier Cacnes_classifiers/Cacnes_acera_phylogrouplevel.classifier,Pacnes_C1
/home/equ/mit_lieberman/raw_data/2022/211221Lie/Lie_D21-11831/,KIT_261K_MG5_G12,TATGAACTTG+CCTAAGGATT,Cacnes_classifiers/Cacnes_acera_lineagelevel.classifier Cacnes_classifiers/Cacnes_acera_phylogrouplevel.classifier,Pacnes_C1
/home/equ/mit_lieberman/raw_data/2022/211221Lie/Lie_D21-11831/,KIT_261N_MG5_H12,AGTGGTTAAG+GTATTCCACC,Cacnes_classifiers/Cacnes_acera_lineagelevel.classifier Cacnes_classifiers/Cacnes_acera_phylogrouplevel.classifier,Pacnes_C1
/home/equ/mit_lieberman/raw_data/2022/211221Lie/Lie_D21-11832/,KIT_311K_MG6_B1,CACTCAATTC+CACAACTTAA,Cacnes_classifiers/Cacnes_acera_lineagelevel.classifier Cacnes_classifiers/Cacnes_acera_phylogrouplevel.classifier,Pacnes_C1
/home/equ/mit_lieberman/raw_data/2022/211221Lie/Lie_D21-11832/,KIT_311N_MG6_C1,CTTCTAAGTC+CCTGTAGAGT,Cacnes_classifiers/Cacnes_acera_lineagelevel.classifier Cacnes_classifiers/Cacnes_acera_phylogrouplevel.classifier,Pacnes_C1
/home/equ/mit_lieberman/raw_data/2022/211221Lie/Lie_D21-11832/,KIT_311F_MG6_D1,AATATTGCCA+GGTGTCACCG,Cacnes_classifiers/Cacnes_acera_lineagelevel.classifier Cacnes_classifiers/Cacnes_acera_phylogrouplevel.classifier,Pacnes_C1
/home/equ/mit_lieberman/raw_data/2022/211221Lie/Lie_D21-11832/,KIT_210C_MG6_E1,TCGTGCATTC+ATACCAACGC,Cacnes_classifiers/Cacnes_acera_lineagelevel.classifier Cacnes_classifiers/Cacnes_acera_phylogrouplevel.classifier,Pacnes_C1
/home/equ/mit_lieberman/raw_data/2022/211221Lie/Lie_D21-11832/,KIT_210K_MG6_F1,AAGATACACG+TGTTAGCACA,Cacnes_classifiers/Cacnes_acera_lineagelevel.classifier Cacnes_classifiers/Cacnes_acera_phylogrouplevel.classifier,Pacnes_C1
/home/equ/mit_lieberman/raw_data/2022/211221Lie/Lie_D21-11832/,KIT_210N_MG6_G1,TGCAATGAAT+TTACTTCTGG,Cacnes_classifiers/Cacnes_acera_lineagelevel.classifier Cacnes_classifiers/Cacnes_acera_phylogrouplevel.classifier,Pacnes_C1
/home/equ/mit_lieberman/raw_data/2022/211221Lie/Lie_D21-11832/,KIT_210F_MG6_H1,CTATGAAGGA+CAGGTATAAG,Cacnes_classifiers/Cacnes_acera_lineagelevel.classifier Cacnes_classifiers/Cacnes_acera_phylogrouplevel.classifier,Pacnes_C1
/home/equ/mit_lieberman/raw_data/2022/211221Lie/Lie_D21-11832/,KIT_225A_MG6_B2,TTCTGTAGAA+TATTGCGCTC,Cacnes_classifiers/Cacnes_acera_lineagelevel.classifier Cacnes_classifiers/Cacnes_acera_phylogrouplevel.classifier,Pacnes_C1
/home/equ/mit_lieberman/raw_data/2022/211221Lie/Lie_D21-11832/,KIT_311A_MG6_C2,TTCACTCACT+TCTCATGATA,Cacnes_classifiers/Cacnes_acera_lineagelevel.classifier Cacnes_classifiers/Cacnes_acera_phylogrouplevel.classifier,Pacnes_C1
/home/equ/mit_lieberman/raw_data/2022/211221Lie/Lie_D21-11832/,KIT_216A_MG6_D2,GGTCCGCTTC+CTTGTGTGAG,Cacnes_classifiers/Cacnes_acera_lineagelevel.classifier Cacnes_classifiers/Cacnes_acera_phylogrouplevel.classifier,Pacnes_C1
/home/equ/mit_lieberman/raw_data/2022/211221Lie/Lie_D21-11832/,KIT_216C_MG6_E2,CAACGAGAGC+CACTCAATTC,Cacnes_classifiers/Cacnes_acera_lineagelevel.classifier Cacnes_classifiers/Cacnes_acera_phylogrouplevel.classifier,Pacnes_C1
/home/equ/mit_lieberman/raw_data/2022/211221Lie/Lie_D21-11832/,KIT_216K_MG6_F2,ATTGAGGTCC+ATATAATCCG,Cacnes_classifiers/Cacnes_acera_lineagelevel.classifier Cacnes_classifiers/Cacnes_acera_phylogrouplevel.classifier,Pacnes_C1
/home/equ/mit_lieberman/raw_data/2022/211221Lie/Lie_D21-11832/,KIT_216N_MG6_G2,GGAGAGACTC+TCTGCTTCAA,Cacnes_classifiers/Cacnes_acera_lineagelevel.classifier Cacnes_classifiers/Cacnes_acera_phylogrouplevel.classifier,Pacnes_C1
/home/equ/mit_lieberman/raw_data/2022/211221Lie/Lie_D21-11832/,KIT_216F_MG6_H2,CCGCTCCGTT+CTTCGCCGTA,Cacnes_classifiers/Cacnes_acera_lineagelevel.classifier Cacnes_classifiers/Cacnes_acera_phylogrouplevel.classifier,Pacnes_C1
/home/equ/mit_lieberman/raw_data/2022/211221Lie/Lie_D21-11832/,KIT_MOCK6_MG6_B3,TAGAATTGGA+TCAGATTAAC,Cacnes_classifiers/Cacnes_acera_lineagelevel.classifier Cacnes_classifiers/Cacnes_acera_phylogrouplevel.classifier,Pacnes_C1
/home/equ/mit_lieberman/raw_data/2022/211221Lie/Lie_D21-11832/,KIT_MOCK5_MG6_C3,CACCTAGCAC+ATGTCCAGCA,Cacnes_classifiers/Cacnes_acera_lineagelevel.classifier Cacnes_classifiers/Cacnes_acera_phylogrouplevel.classifier,Pacnes_C1
/home/equ/mit_lieberman/raw_data/2022/211221Lie/Lie_D21-11832/,KIT_BLANK_MG6_D3,TTCAAGTATG+CGATACCATC,Cacnes_classifiers/Cacnes_acera_lineagelevel.classifier Cacnes_classifiers/Cacnes_acera_phylogrouplevel.classifier,Pacnes_C1
/home/equ/mit_lieberman/raw_data/2022/211221Lie/Lie_D21-11832/,KIT_BLANK_MG6_E3,TTAAGACAAG+CAATTAAGCC,Cacnes_classifiers/Cacnes_acera_lineagelevel.classifier Cacnes_classifiers/Cacnes_acera_phylogrouplevel.classifier,Pacnes_C1
/home/equ/mit_lieberman/raw_data/2022/211221Lie/Lie_D21-11832/,KIT_BLANK_MG6_F3,CACCTCTCTT+AGGAGTCGAG,Cacnes_classifiers/Cacnes_acera_lineagelevel.classifier Cacnes_classifiers/Cacnes_acera_phylogrouplevel.classifier,Pacnes_C1
/home/equ/mit_lieberman/raw_data/2022/211221Lie/Lie_D21-11832/,KIT_BLANK_MG6_G3,TTCTCGTGCA+CTCTGTGTAT,Cacnes_classifiers/Cacnes_acera_lineagelevel.classifier Cacnes_classifiers/Cacnes_acera_phylogrouplevel.classifier,Pacnes_C1
/home/equ/mit_lieberman/raw_data/2022/211221Lie/Lie_D21-11832/,KIT_210A_MG6_H3,GCTAGGAAGT+TCGTCCGAGA,Cacnes_classifiers/Cacnes_acera_lineagelevel.classifier Cacnes_classifiers/Cacnes_acera_phylogrouplevel.classifier,Pacnes_C1
/home/equ/mit_lieberman/raw_data/2022/211221Lie/Lie_D21-11832/,KIT_7K_MG6_B4,GATATTGTGT+ACCGTGTGGT,Cacnes_classifiers/Cacnes_acera_lineagelevel.classifier Cacnes_classifiers/Cacnes_acera_phylogrouplevel.classifier,Pacnes_C1
/home/equ/mit_lieberman/raw_data/2022/211221Lie/Lie_D21-11832/,KIT_7N_MG6_C4,GGCACTAAGG+GTTGACCTGA,Cacnes_classifiers/Cacnes_acera_lineagelevel.classifier Cacnes_classifiers/Cacnes_acera_phylogrouplevel.classifier,Pacnes_C1
/home/equ/mit_lieberman/raw_data/2022/211221Lie/Lie_D21-11832/,KIT_7F_MG6_D4,ATTCGGTACA+TCCTCGGACT,Cacnes_classifiers/Cacnes_acera_lineagelevel.classifier Cacnes_classifiers/Cacnes_acera_phylogrouplevel.classifier,Pacnes_C1
/home/equ/mit_lieberman/raw_data/2022/211221Lie/Lie_D21-11832/,KIT_235C_MG6_E4,ACTAATCTCC+AGATTAAGTG,Cacnes_classifiers/Cacnes_acera_lineagelevel.classifier Cacnes_classifiers/Cacnes_acera_phylogrouplevel.classifier,Pacnes_C1
/home/equ/mit_lieberman/raw_data/2022/211221Lie/Lie_D21-11832/,KIT_235K_MG6_F4,TGTGTTAGTA+TAACAGAGTA,Cacnes_classifiers/Cacnes_acera_lineagelevel.classifier Cacnes_classifiers/Cacnes_acera_phylogrouplevel.classifier,Pacnes_C1
/home/equ/mit_lieberman/raw_data/2022/211221Lie/Lie_D21-11832/,KIT_235N_MG6_G4,CAACGACCTA+ATCGAGTCGC,Cacnes_classifiers/Cacnes_acera_lineagelevel.classifier Cacnes_classifiers/Cacnes_acera_phylogrouplevel.classifier,Pacnes_C1
/home/equ/mit_lieberman/raw_data/2022/211221Lie/Lie_D21-11832/,KIT_235F_MG6_H4,CGGTCGGCAT+CCTTGCCTAG,Cacnes_classifiers/Cacnes_acera_lineagelevel.classifier Cacnes_classifiers/Cacnes_acera_phylogrouplevel.classifier,Pacnes_C1
/home/equ/mit_lieberman/raw_data/2022/211221Lie/Lie_D21-11832/,KIT_10K_MG6_B5,ATAGCCAAGA+CAGTGGCACT,Cacnes_classifiers/Cacnes_acera_lineagelevel.classifier Cacnes_classifiers/Cacnes_acera_phylogrouplevel.classifier,Pacnes_C1
/home/equ/mit_lieberman/raw_data/2022/211221Lie/Lie_D21-11832/,KIT_10N_MG6_C5,AAGTTCTAGT+TTATCTTACC,Cacnes_classifiers/Cacnes_acera_lineagelevel.classifier Cacnes_classifiers/Cacnes_acera_phylogrouplevel.classifier,Pacnes_C1
/home/equ/mit_lieberman/raw_data/2022/211221Lie/Lie_D21-11832/,KIT_10F_MG6_D5,CCAAGAGGTG+CTGGCTCGTT,Cacnes_classifiers/Cacnes_acera_lineagelevel.classifier Cacnes_classifiers/Cacnes_acera_phylogrouplevel.classifier,Pacnes_C1
/home/equ/mit_lieberman/raw_data/2022/211221Lie/Lie_D21-11832/,KIT_81C_MG6_E5,ATATCTGCTT+AGATTGTCTA,Cacnes_classifiers/Cacnes_acera_lineagelevel.classifier Cacnes_classifiers/Cacnes_acera_phylogrouplevel.classifier,Pacnes_C1
/home/equ/mit_lieberman/raw_data/2022/211221Lie/Lie_D21-11832/,KIT_81K_MG6_F5,TGGATCTGGC+TTCAGCATTG,Cacnes_classifiers/Cacnes_acera_lineagelevel.classifier Cacnes_classifiers/Cacnes_acera_phylogrouplevel.classifier,Pacnes_C1
/home/equ/mit_lieberman/raw_data/2022/211221Lie/Lie_D21-11832/,KIT_81N_MG6_G5,TTGAATCCAA+ACACCGTGAC,Cacnes_classifiers/Cacnes_acera_lineagelevel.classifier Cacnes_classifiers/Cacnes_acera_phylogrouplevel.classifier,Pacnes_C1
/home/equ/mit_lieberman/raw_data/2022/211221Lie/Lie_D21-11832/,KIT_81F_MG6_H5,CACGGCTAGT+CTTGTACACC,Cacnes_classifiers/Cacnes_acera_lineagelevel.classifier Cacnes_classifiers/Cacnes_acera_phylogrouplevel.classifier,Pacnes_C1
/home/equ/mit_lieberman/raw_data/2022/211221Lie/Lie_D21-11832/,KIT_26K_MG6_B6,GGCCAATATT+TATCGGACCG,Cacnes_classifiers/Cacnes_acera_lineagelevel.classifier Cacnes_classifiers/Cacnes_acera_phylogrouplevel.classifier,Pacnes_C1
/home/equ/mit_lieberman/raw_data/2022/211221Lie/Lie_D21-11832/,KIT_26N_MG6_C6,CAATCCTTGT+TGCGTCTTCG,Cacnes_classifiers/Cacnes_acera_lineagelevel.classifier Cacnes_classifiers/Cacnes_acera_phylogrouplevel.classifier,Pacnes_C1
/home/equ/mit_lieberman/raw_data/2022/211221Lie/Lie_D21-11832/,KIT_26F_MG6_D6,CACCTGTTGC+ATGTGTCAAT,Cacnes_classifiers/Cacnes_acera_lineagelevel.classifier Cacnes_classifiers/Cacnes_acera_phylogrouplevel.classifier,Pacnes_C1
/home/equ/mit_lieberman/raw_data/2022/211221Lie/Lie_D21-11832/,KIT_18C_MG6_E6,CGTCACCTTG+CAATCGGCTG,Cacnes_classifiers/Cacnes_acera_lineagelevel.classifier Cacnes_classifiers/Cacnes_acera_phylogrouplevel.classifier,Pacnes_C1
/home/equ/mit_lieberman/raw_data/2022/211221Lie/Lie_D21-11832/,KIT_18K_MG6_F6,AATGACTGGT+ACGCGTGAGA,Cacnes_classifiers/Cacnes_acera_lineagelevel.classifier Cacnes_classifiers/Cacnes_acera_phylogrouplevel.classifier,Pacnes_C1
/home/equ/mit_lieberman/raw_data/2022/211221Lie/Lie_D21-11832/,KIT_18N_MG6_G6,ATGATTCCGG+CACGTCAGAG,Cacnes_classifiers/Cacnes_acera_lineagelevel.classifier Cacnes_classifiers/Cacnes_acera_phylogrouplevel.classifier,Pacnes_C1
/home/equ/mit_lieberman/raw_data/2022/211221Lie/Lie_D21-11832/,KIT_18F_MG6_H6,TTAGGCTCAA+TTCCATTCGA,Cacnes_classifiers/Cacnes_acera_lineagelevel.classifier Cacnes_classifiers/Cacnes_acera_phylogrouplevel.classifier,Pacnes_C1
/home/equ/mit_lieberman/raw_data/2022/211221Lie/Lie_D21-11832/,KIT_36K_MG6_B7,CGCAGCAATT+ATAGCGGAAT,Cacnes_classifiers/Cacnes_acera_lineagelevel.classifier Cacnes_classifiers/Cacnes_acera_phylogrouplevel.classifier,Pacnes_C1
/home/equ/mit_lieberman/raw_data/2022/211221Lie/Lie_D21-11832/,KIT_36N_MG6_C7,ACATGAGTGA+AGCTAAGCGG,Cacnes_classifiers/Cacnes_acera_lineagelevel.classifier Cacnes_classifiers/Cacnes_acera_phylogrouplevel.classifier,Pacnes_C1
/home/equ/mit_lieberman/raw_data/2022/211221Lie/Lie_D21-11832/,KIT_36F_MG6_D7,GCAACCAGTC+TTCCTCGGTG,Cacnes_classifiers/Cacnes_acera_lineagelevel.classifier Cacnes_classifiers/Cacnes_acera_phylogrouplevel.classifier,Pacnes_C1
/home/equ/mit_lieberman/raw_data/2022/211221Lie/Lie_D21-11832/,KIT_43C_MG6_E7,GAGCGACGAT+TGATTATACG,Cacnes_classifiers/Cacnes_acera_lineagelevel.classifier Cacnes_classifiers/Cacnes_acera_phylogrouplevel.classifier,Pacnes_C1
/home/equ/mit_lieberman/raw_data/2022/211221Lie/Lie_D21-11832/,KIT_43K_MG6_F7,CGAACGCACC+GTTCTGTCAT,Cacnes_classifiers/Cacnes_acera_lineagelevel.classifier Cacnes_classifiers/Cacnes_acera_phylogrouplevel.classifier,Pacnes_C1
/home/equ/mit_lieberman/raw_data/2022/211221Lie/Lie_D21-11832/,KIT_43N_MG6_G7,TCTTACGCCG+TGCAATGAAT,Cacnes_classifiers/Cacnes_acera_lineagelevel.classifier Cacnes_classifiers/Cacnes_acera_phylogrouplevel.classifier,Pacnes_C1
/home/equ/mit_lieberman/raw_data/2022/211221Lie/Lie_D21-11832/,KIT_43F_MG6_H7,AGCTGATGTC+CAGGACATGA,Cacnes_classifiers/Cacnes_acera_lineagelevel.classifier Cacnes_classifiers/Cacnes_acera_phylogrouplevel.classifier,Pacnes_C1
/home/equ/mit_lieberman/raw_data/2022/211221Lie/Lie_D21-11832/,KIT_51K_MG6_B8,GTTCGGAGTT+TCAGAAGGCG,Cacnes_classifiers/Cacnes_acera_lineagelevel.classifier Cacnes_classifiers/Cacnes_acera_phylogrouplevel.classifier,Pacnes_C1
/home/equ/mit_lieberman/raw_data/2022/211221Lie/Lie_D21-11832/,KIT_51N_MG6_C8,AGCTTACACA+GGTCGTGCCA,Cacnes_classifiers/Cacnes_acera_lineagelevel.classifier Cacnes_classifiers/Cacnes_acera_phylogrouplevel.classifier,Pacnes_C1
/home/equ/mit_lieberman/raw_data/2022/211221Lie/Lie_D21-11832/,KIT_51F_MG6_D8,AACCAGCCAC+GTGCTGTGGC,Cacnes_classifiers/Cacnes_acera_lineagelevel.classifier Cacnes_classifiers/Cacnes_acera_phylogrouplevel.classifier,Pacnes_C1
/home/equ/mit_lieberman/raw_data/2022/211221Lie/Lie_D21-11832/,KIT_44C_MG6_E8,CTTAAGTCGA+ACAACTACTG,Cacnes_classifiers/Cacnes_acera_lineagelevel.classifier Cacnes_classifiers/Cacnes_acera_phylogrouplevel.classifier,Pacnes_C1
/home/equ/mit_lieberman/raw_data/2022/211221Lie/Lie_D21-11832/,KIT_44K_MG6_F8,GCCTAACGTG+CTTGAGAGCT,Cacnes_classifiers/Cacnes_acera_lineagelevel.classifier Cacnes_classifiers/Cacnes_acera_phylogrouplevel.classifier,Pacnes_C1
/home/equ/mit_lieberman/raw_data/2022/211221Lie/Lie_D21-11832/,KIT_44N_MG6_G8,ACTTACTTCA+TAATTCCAGA,Cacnes_classifiers/Cacnes_acera_lineagelevel.classifier Cacnes_classifiers/Cacnes_acera_phylogrouplevel.classifier,Pacnes_C1
/home/equ/mit_lieberman/raw_data/2022/211221Lie/Lie_D21-11832/,KIT_44F_MG6_H8,CGCATTCCGT+CTCCACTAAT,Cacnes_classifiers/Cacnes_acera_lineagelevel.classifier Cacnes_classifiers/Cacnes_acera_phylogrouplevel.classifier,Pacnes_C1
/home/equ/mit_lieberman/raw_data/2022/211221Lie/Lie_D21-11832/,KIT_32K_MG6_B9,TTAACGGTGT+ACGGTCAGGA,Cacnes_classifiers/Cacnes_acera_lineagelevel.classifier Cacnes_classifiers/Cacnes_acera_phylogrouplevel.classifier,Pacnes_C1
/home/equ/mit_lieberman/raw_data/2022/211221Lie/Lie_D21-11832/,KIT_32N_MG6_C9,TCACCGCGCT+CTAGTATCGA,Cacnes_classifiers/Cacnes_acera_lineagelevel.classifier Cacnes_classifiers/Cacnes_acera_phylogrouplevel.classifier,Pacnes_C1
/home/equ/mit_lieberman/raw_data/2022/211221Lie/Lie_D21-11832/,KIT_32F_MG6_D9,GATAGCCTTG+CATTGTGGTA,Cacnes_classifiers/Cacnes_acera_lineagelevel.classifier Cacnes_classifiers/Cacnes_acera_phylogrouplevel.classifier,Pacnes_C1
/home/equ/mit_lieberman/raw_data/2022/211221Lie/Lie_D21-11832/,KIT_22C_MG6_E9,CCTGGACGCA+TGGTATACCA,Cacnes_classifiers/Cacnes_acera_lineagelevel.classifier Cacnes_classifiers/Cacnes_acera_phylogrouplevel.classifier,Pacnes_C1
/home/equ/mit_lieberman/raw_data/2022/211221Lie/Lie_D21-11832/,KIT_22K_MG6_F9,TTACGCACCT+CAACGAGAGC,Cacnes_classifiers/Cacnes_acera_lineagelevel.classifier Cacnes_classifiers/Cacnes_acera_phylogrouplevel.classifier,Pacnes_C1
/home/equ/mit_lieberman/raw_data/2022/211221Lie/Lie_D21-11832/,KIT_22N_MG6_G9,TCGTTGCTGC+TTCACGAGAC,Cacnes_classifiers/Cacnes_acera_lineagelevel.classifier Cacnes_classifiers/Cacnes_acera_phylogrouplevel.classifier,Pacnes_C1
/home/equ/mit_lieberman/raw_data/2022/211221Lie/Lie_D21-11832/,KIT_22F_MG6_H9,CGACAAGGAT+AGGTGGCCTT,Cacnes_classifiers/Cacnes_acera_lineagelevel.classifier Cacnes_classifiers/Cacnes_acera_phylogrouplevel.classifier,Pacnes_C1
/home/equ/mit_lieberman/raw_data/2022/211221Lie/Lie_D21-11832/,KIT_19K_MG6_B10,GCACCACCAA+ATCAGTACCA,Cacnes_classifiers/Cacnes_acera_lineagelevel.classifier Cacnes_classifiers/Cacnes_acera_phylogrouplevel.classifier,Pacnes_C1
/home/equ/mit_lieberman/raw_data/2022/211221Lie/Lie_D21-11832/,KIT_19N_MG6_C10,TGTCTGGCCT+ATTGGCTTCT,Cacnes_classifiers/Cacnes_acera_lineagelevel.classifier Cacnes_classifiers/Cacnes_acera_phylogrouplevel.classifier,Pacnes_C1
/home/equ/mit_lieberman/raw_data/2022/211221Lie/Lie_D21-11832/,KIT_19F_MG6_D10,AGTTAATGCT+CGGCTGCAGT,Cacnes_classifiers/Cacnes_acera_lineagelevel.classifier Cacnes_classifiers/Cacnes_acera_phylogrouplevel.classifier,Pacnes_C1
/home/equ/mit_lieberman/raw_data/2022/211221Lie/Lie_D21-11832/,KIT_27C_MG6_E10,GGTGAGTAAT+ACTAGATGTT,Cacnes_classifiers/Cacnes_acera_lineagelevel.classifier Cacnes_classifiers/Cacnes_acera_phylogrouplevel.classifier,Pacnes_C1
/home/equ/mit_lieberman/raw_data/2022/211221Lie/Lie_D21-11832/,KIT_27K_MG6_F10,TACTCTGCGC+CATAGTAAGG,Cacnes_classifiers/Cacnes_acera_lineagelevel.classifier Cacnes_classifiers/Cacnes_acera_phylogrouplevel.classifier,Pacnes_C1
/home/equ/mit_lieberman/raw_data/2022/211221Lie/Lie_D21-11832/,KIT_27N_MG6_G10,AGGTATGGCG+GTCTCGCCAC,Cacnes_classifiers/Cacnes_acera_lineagelevel.classifier Cacnes_classifiers/Cacnes_acera_phylogrouplevel.classifier,Pacnes_C1
/home/equ/mit_lieberman/raw_data/2022/211221Lie/Lie_D21-11832/,KIT_27F_MG6_H10,TCCAGCCTGC+TGGATCTGGC,Cacnes_classifiers/Cacnes_acera_lineagelevel.classifier Cacnes_classifiers/Cacnes_acera_phylogrouplevel.classifier,Pacnes_C1
/home/equ/mit_lieberman/raw_data/2022/211221Lie/Lie_D21-11832/,KIT_25K_MG6_B11,GATCGTCGCG+ACATATCCAG,Cacnes_classifiers/Cacnes_acera_lineagelevel.classifier Cacnes_classifiers/Cacnes_acera_phylogrouplevel.classifier,Pacnes_C1
/home/equ/mit_lieberman/raw_data/2022/211221Lie/Lie_D21-11832/,KIT_25N_MG6_C11,CTGAGCCGGT+TACGTGAAGG,Cacnes_classifiers/Cacnes_acera_lineagelevel.classifier Cacnes_classifiers/Cacnes_acera_phylogrouplevel.classifier,Pacnes_C1
/home/equ/mit_lieberman/raw_data/2022/211221Lie/Lie_D21-11832/,KIT_25F_MG6_D11,AACGGTCTAT+CCGCGTATAG,Cacnes_classifiers/Cacnes_acera_lineagelevel.classifier Cacnes_classifiers/Cacnes_acera_phylogrouplevel.classifier,Pacnes_C1
/home/equ/mit_lieberman/raw_data/2022/211221Lie/Lie_D21-11832/,KIT_2C_MG6_E11,GTTGCGTTCA+CAACTGCAAC,Cacnes_classifiers/Cacnes_acera_lineagelevel.classifier Cacnes_classifiers/Cacnes_acera_phylogrouplevel.classifier,Pacnes_C1
/home/equ/mit_lieberman/raw_data/2022/211221Lie/Lie_D21-11832/,KIT_2K_MG6_F11,CTTCAACCAC+AGGCGCATAA,Cacnes_classifiers/Cacnes_acera_lineagelevel.classifier Cacnes_classifiers/Cacnes_acera_phylogrouplevel.classifier,Pacnes_C1
/home/equ/mit_lieberman/raw_data/2022/211221Lie/Lie_D21-11832/,KIT_2N_MG6_G11,TCTATTCAGT+TGTACTGAGA,Cacnes_classifiers/Cacnes_acera_lineagelevel.classifier Cacnes_classifiers/Cacnes_acera_phylogrouplevel.classifier,Pacnes_C1
/home/equ/mit_lieberman/raw_data/2022/211221Lie/Lie_D21-11832/,KIT_2F_MG6_H11,CAAGACGTCC+TCCGTATACT,Cacnes_classifiers/Cacnes_acera_lineagelevel.classifier Cacnes_classifiers/Cacnes_acera_phylogrouplevel.classifier,Pacnes_C1
/home/equ/mit_lieberman/raw_data/2022/211221Lie/Lie_D21-11832/,KIT_39K_MG6_B12,GTAACTTGGT+AGGTATGGCG,Cacnes_classifiers/Cacnes_acera_lineagelevel.classifier Cacnes_classifiers/Cacnes_acera_phylogrouplevel.classifier,Pacnes_C1
/home/equ/mit_lieberman/raw_data/2022/211221Lie/Lie_D21-11832/,KIT_39N_MG6_C12,ATTGATACTG+GGAGCGTGTA,Cacnes_classifiers/Cacnes_acera_lineagelevel.classifier Cacnes_classifiers/Cacnes_acera_phylogrouplevel.classifier,Pacnes_C1
/home/equ/mit_lieberman/raw_data/2022/211221Lie/Lie_D21-11832/,KIT_39F_MG6_D12,GGATTATGGA+CTCTATCGGA,Cacnes_classifiers/Cacnes_acera_lineagelevel.classifier Cacnes_classifiers/Cacnes_acera_phylogrouplevel.classifier,Pacnes_C1
/home/equ/mit_lieberman/raw_data/2022/211221Lie/Lie_D21-11832/,KIT_4C_MG6_E12,TGGTTCTCAT+CGGCCTTGAG,Cacnes_classifiers/Cacnes_acera_lineagelevel.classifier Cacnes_classifiers/Cacnes_acera_phylogrouplevel.classifier,Pacnes_C1
/home/equ/mit_lieberman/raw_data/2022/211221Lie/Lie_D21-11832/,KIT_4K_MG6_F12,TCAACCACGA+TATGAACTTG,Cacnes_classifiers/Cacnes_acera_lineagelevel.classifier Cacnes_classifiers/Cacnes_acera_phylogrouplevel.classifier,Pacnes_C1
/home/equ/mit_lieberman/raw_data/2022/211221Lie/Lie_D21-11832/,KIT_4N_MG6_G12,TATGAACTTG+CCTAAGGATT,Cacnes_classifiers/Cacnes_acera_lineagelevel.classifier Cacnes_classifiers/Cacnes_acera_phylogrouplevel.classifier,Pacnes_C1
/home/equ/mit_lieberman/raw_data/2022/211221Lie/Lie_D21-11832/,KIT_4F_MG6_H12,AGTGGTTAAG+GTATTCCACC,Cacnes_classifiers/Cacnes_acera_lineagelevel.classifier Cacnes_classifiers/Cacnes_acera_phylogrouplevel.classifier,Pacnes_C1
/home/equ/mit_lieberman/raw_data/2022/211221Lie/Lie_D21-11833/,KIT_78C_MG7_A1,TGCCGGTCAG+TTGTATCAGG,Cacnes_classifiers/Cacnes_acera_lineagelevel.classifier Cacnes_classifiers/Cacnes_acera_phylogrouplevel.classifier,Pacnes_C1
/home/equ/mit_lieberman/raw_data/2022/211221Lie/Lie_D21-11833/,KIT_78K_MG7_B1,CACTCAATTC+CACAACTTAA,Cacnes_classifiers/Cacnes_acera_lineagelevel.classifier Cacnes_classifiers/Cacnes_acera_phylogrouplevel.classifier,Pacnes_C1
/home/equ/mit_lieberman/raw_data/2022/211221Lie/Lie_D21-11833/,KIT_78N_MG7_C1,TCTCACACGC+TCACTGTCCG,Cacnes_classifiers/Cacnes_acera_lineagelevel.classifier Cacnes_classifiers/Cacnes_acera_phylogrouplevel.classifier,Pacnes_C1
/home/equ/mit_lieberman/raw_data/2022/211221Lie/Lie_D21-11833/,KIT_98C_MG7_E1,TCGTGCATTC+ATACCAACGC,Cacnes_classifiers/Cacnes_acera_lineagelevel.classifier Cacnes_classifiers/Cacnes_acera_phylogrouplevel.classifier,Pacnes_C1
/home/equ/mit_lieberman/raw_data/2022/211221Lie/Lie_D21-11833/,KIT_98K_MG7_F1,ATGGCGCCTG+AGGCCGTGGA,Cacnes_classifiers/Cacnes_acera_lineagelevel.classifier Cacnes_classifiers/Cacnes_acera_phylogrouplevel.classifier,Pacnes_C1
/home/equ/mit_lieberman/raw_data/2022/211221Lie/Lie_D21-11833/,KIT_98N_MG7_G1,TCCGTTATGT+TACACTACAA,Cacnes_classifiers/Cacnes_acera_lineagelevel.classifier Cacnes_classifiers/Cacnes_acera_phylogrouplevel.classifier,Pacnes_C1
/home/equ/mit_lieberman/raw_data/2022/211221Lie/Lie_D21-11833/,KIT_98F_MG7_H1,GGTCTATTAA+CGTGTCGTGG,Cacnes_classifiers/Cacnes_acera_lineagelevel.classifier Cacnes_classifiers/Cacnes_acera_phylogrouplevel.classifier,Pacnes_C1
/home/equ/mit_lieberman/raw_data/2022/211221Lie/Lie_D21-11833/,KIT_12C_MG7_A2,CAGCAATCGT+ATACATCACA,Cacnes_classifiers/Cacnes_acera_lineagelevel.classifier Cacnes_classifiers/Cacnes_acera_phylogrouplevel.classifier,Pacnes_C1
/home/equ/mit_lieberman/raw_data/2022/211221Lie/Lie_D21-11833/,KIT_12K_MG7_B2,TTCTGTAGAA+TATTGCGCTC,Cacnes_classifiers/Cacnes_acera_lineagelevel.classifier Cacnes_classifiers/Cacnes_acera_phylogrouplevel.classifier,Pacnes_C1
/home/equ/mit_lieberman/raw_data/2022/211221Lie/Lie_D21-11833/,KIT_12N_MG7_C2,GAACGCAATA+ACAGTAAGAT,Cacnes_classifiers/Cacnes_acera_lineagelevel.classifier Cacnes_classifiers/Cacnes_acera_phylogrouplevel.classifier,Pacnes_C1
/home/equ/mit_lieberman/raw_data/2022/211221Lie/Lie_D21-11833/,KIT_99C_MG7_E2,CAACGAGAGC+CACTCAATTC,Cacnes_classifiers/Cacnes_acera_lineagelevel.classifier Cacnes_classifiers/Cacnes_acera_phylogrouplevel.classifier,Pacnes_C1
/home/equ/mit_lieberman/raw_data/2022/211221Lie/Lie_D21-11833/,KIT_99K_MG7_F2,TAATTAGCGT+TTCTTAACCA,Cacnes_classifiers/Cacnes_acera_lineagelevel.classifier Cacnes_classifiers/Cacnes_acera_phylogrouplevel.classifier,Pacnes_C1
/home/equ/mit_lieberman/raw_data/2022/211221Lie/Lie_D21-11833/,KIT_99N_MG7_G2,ATTAACAAGG+ACGAACAACA,Cacnes_classifiers/Cacnes_acera_lineagelevel.classifier Cacnes_classifiers/Cacnes_acera_phylogrouplevel.classifier,Pacnes_C1
/home/equ/mit_lieberman/raw_data/2022/211221Lie/Lie_D21-11833/,KIT_99F_MG7_H2,TGATGGCTAC+ATGTTGTTGG,Cacnes_classifiers/Cacnes_acera_lineagelevel.classifier Cacnes_classifiers/Cacnes_acera_phylogrouplevel.classifier,Pacnes_C1
/home/equ/mit_lieberman/raw_data/2022/211221Lie/Lie_D21-11833/,KIT_253C_MG7_A3,GAATTACAAG+CTGAGCCGGT,Cacnes_classifiers/Cacnes_acera_lineagelevel.classifier Cacnes_classifiers/Cacnes_acera_phylogrouplevel.classifier,Pacnes_C1
/home/equ/mit_lieberman/raw_data/2022/211221Lie/Lie_D21-11833/,KIT_253K_MG7_B3,TAGAATTGGA+TCAGATTAAC,Cacnes_classifiers/Cacnes_acera_lineagelevel.classifier Cacnes_classifiers/Cacnes_acera_phylogrouplevel.classifier,Pacnes_C1
/home/equ/mit_lieberman/raw_data/2022/211221Lie/Lie_D21-11833/,KIT_253N_MG7_C3,AGGCAGCTCT+ACGTTAGCCG,Cacnes_classifiers/Cacnes_acera_lineagelevel.classifier Cacnes_classifiers/Cacnes_acera_phylogrouplevel.classifier,Pacnes_C1
/home/equ/mit_lieberman/raw_data/2022/211221Lie/Lie_D21-11833/,KIT_91C_MG7_E3,TTAAGACAAG+CAATTAAGCC,Cacnes_classifiers/Cacnes_acera_lineagelevel.classifier Cacnes_classifiers/Cacnes_acera_phylogrouplevel.classifier,Pacnes_C1
/home/equ/mit_lieberman/raw_data/2022/211221Lie/Lie_D21-11833/,KIT_91K_MG7_F3,ATACTTGTTC+TCGGCGGTTA,Cacnes_classifiers/Cacnes_acera_lineagelevel.classifier Cacnes_classifiers/Cacnes_acera_phylogrouplevel.classifier,Pacnes_C1
/home/equ/mit_lieberman/raw_data/2022/211221Lie/Lie_D21-11833/,KIT_91N_MG7_G3,TCCGCCAATT+CAGCACGGAG,Cacnes_classifiers/Cacnes_acera_lineagelevel.classifier Cacnes_classifiers/Cacnes_acera_phylogrouplevel.classifier,Pacnes_C1
/home/equ/mit_lieberman/raw_data/2022/211221Lie/Lie_D21-11833/,KIT_91F_MG7_H3,AGGACAGGCC+AGCTGGAATG,Cacnes_classifiers/Cacnes_acera_lineagelevel.classifier Cacnes_classifiers/Cacnes_acera_phylogrouplevel.classifier,Pacnes_C1
/home/equ/mit_lieberman/raw_data/2022/211221Lie/Lie_D21-11833/,KIT_227C_MG7_A4,AGAGAACCTA+TAGCATAACC,Cacnes_classifiers/Cacnes_acera_lineagelevel.classifier Cacnes_classifiers/Cacnes_acera_phylogrouplevel.classifier,Pacnes_C1
/home/equ/mit_lieberman/raw_data/2022/211221Lie/Lie_D21-11833/,KIT_227K_MG7_B4,GATATTGTGT+ACCGTGTGGT,Cacnes_classifiers/Cacnes_acera_lineagelevel.classifier Cacnes_classifiers/Cacnes_acera_phylogrouplevel.classifier,Pacnes_C1
/home/equ/mit_lieberman/raw_data/2022/211221Lie/Lie_D21-11833/,KIT_227N_MG7_C4,CGTACAGGAA+AGAGAACCTA,Cacnes_classifiers/Cacnes_acera_lineagelevel.classifier Cacnes_classifiers/Cacnes_acera_phylogrouplevel.classifier,Pacnes_C1
/home/equ/mit_lieberman/raw_data/2022/211221Lie/Lie_D21-11833/,KIT_97C_MG7_E4,ACTAATCTCC+AGATTAAGTG,Cacnes_classifiers/Cacnes_acera_lineagelevel.classifier Cacnes_classifiers/Cacnes_acera_phylogrouplevel.classifier,Pacnes_C1
/home/equ/mit_lieberman/raw_data/2022/211221Lie/Lie_D21-11833/,KIT_97K_MG7_F4,AGGAGGTATC+TGCCAACTGG,Cacnes_classifiers/Cacnes_acera_lineagelevel.classifier Cacnes_classifiers/Cacnes_acera_phylogrouplevel.classifier,Pacnes_C1
/home/equ/mit_lieberman/raw_data/2022/211221Lie/Lie_D21-11833/,KIT_97N_MG7_G4,GCTGACGTTG+AATGCGAACA,Cacnes_classifiers/Cacnes_acera_lineagelevel.classifier Cacnes_classifiers/Cacnes_acera_phylogrouplevel.classifier,Pacnes_C1
/home/equ/mit_lieberman/raw_data/2022/211221Lie/Lie_D21-11833/,KIT_97F_MG7_H4,CTAATAACCG+CGATGCGGTT,Cacnes_classifiers/Cacnes_acera_lineagelevel.classifier Cacnes_classifiers/Cacnes_acera_phylogrouplevel.classifier,Pacnes_C1
/home/equ/mit_lieberman/raw_data/2022/211221Lie/Lie_D21-11833/,KIT_212C_MG7_A5,TCTAGGCGCG+TTAACCTTCG,Cacnes_classifiers/Cacnes_acera_lineagelevel.classifier Cacnes_classifiers/Cacnes_acera_phylogrouplevel.classifier,Pacnes_C1
/home/equ/mit_lieberman/raw_data/2022/211221Lie/Lie_D21-11833/,KIT_212K_MG7_B5,ATAGCCAAGA+CAGTGGCACT,Cacnes_classifiers/Cacnes_acera_lineagelevel.classifier Cacnes_classifiers/Cacnes_acera_phylogrouplevel.classifier,Pacnes_C1
/home/equ/mit_lieberman/raw_data/2022/211221Lie/Lie_D21-11833/,KIT_212N_MG7_C5,TTCGGTGTGA+ATACTTGTTC,Cacnes_classifiers/Cacnes_acera_lineagelevel.classifier Cacnes_classifiers/Cacnes_acera_phylogrouplevel.classifier,Pacnes_C1
/home/equ/mit_lieberman/raw_data/2022/211221Lie/Lie_D21-11833/,KIT_23C_MG7_E5,ATATCTGCTT+AGATTGTCTA,Cacnes_classifiers/Cacnes_acera_lineagelevel.classifier Cacnes_classifiers/Cacnes_acera_phylogrouplevel.classifier,Pacnes_C1
/home/equ/mit_lieberman/raw_data/2022/211221Lie/Lie_D21-11833/,KIT_23K_MG7_F5,TGGTGTTATG+TAGAATTGGA,Cacnes_classifiers/Cacnes_acera_lineagelevel.classifier Cacnes_classifiers/Cacnes_acera_phylogrouplevel.classifier,Pacnes_C1
/home/equ/mit_lieberman/raw_data/2022/211221Lie/Lie_D21-11833/,KIT_23N_MG7_G5,TGGCCTCTGT+CGCTGTCTCA,Cacnes_classifiers/Cacnes_acera_lineagelevel.classifier Cacnes_classifiers/Cacnes_acera_phylogrouplevel.classifier,Pacnes_C1
/home/equ/mit_lieberman/raw_data/2022/211221Lie/Lie_D21-11833/,KIT_23F_MG7_H5,CCAGGCACCA+TAATTAGCGT,Cacnes_classifiers/Cacnes_acera_lineagelevel.classifier Cacnes_classifiers/Cacnes_acera_phylogrouplevel.classifier,Pacnes_C1
/home/equ/mit_lieberman/raw_data/2022/211221Lie/Lie_D21-11833/,KIT_34C_MG7_A6,CCGGTTCCTA+CTCGAATATA,Cacnes_classifiers/Cacnes_acera_lineagelevel.classifier Cacnes_classifiers/Cacnes_acera_phylogrouplevel.classifier,Pacnes_C1
/home/equ/mit_lieberman/raw_data/2022/211221Lie/Lie_D21-11833/,KIT_34K_MG7_B6,GGCCAATATT+TATCGGACCG,Cacnes_classifiers/Cacnes_acera_lineagelevel.classifier Cacnes_classifiers/Cacnes_acera_phylogrouplevel.classifier,Pacnes_C1
/home/equ/mit_lieberman/raw_data/2022/211221Lie/Lie_D21-11833/,KIT_34N_MG7_C6,GAATACCTAT+ACTCTATTGT,Cacnes_classifiers/Cacnes_acera_lineagelevel.classifier Cacnes_classifiers/Cacnes_acera_phylogrouplevel.classifier,Pacnes_C1
/home/equ/mit_lieberman/raw_data/2022/211221Lie/Lie_D21-11833/,KIT_86C_MG7_E6,CGTCACCTTG+CAATCGGCTG,Cacnes_classifiers/Cacnes_acera_lineagelevel.classifier Cacnes_classifiers/Cacnes_acera_phylogrouplevel.classifier,Pacnes_C1
/home/equ/mit_lieberman/raw_data/2022/211221Lie/Lie_D21-11833/,KIT_86K_MG7_F6,ACAACTACTG+TGTGATAACT,Cacnes_classifiers/Cacnes_acera_lineagelevel.classifier Cacnes_classifiers/Cacnes_acera_phylogrouplevel.classifier,Pacnes_C1
/home/equ/mit_lieberman/raw_data/2022/211221Lie/Lie_D21-11833/,KIT_86N_MG7_G6,GTTGGATGAA+TTACCTGGAA,Cacnes_classifiers/Cacnes_acera_lineagelevel.classifier Cacnes_classifiers/Cacnes_acera_phylogrouplevel.classifier,Pacnes_C1
/home/equ/mit_lieberman/raw_data/2022/211221Lie/Lie_D21-11833/,KIT_86F_MG7_H6,AATCCAATTG+CCTCTACATG,Cacnes_classifiers/Cacnes_acera_lineagelevel.classifier Cacnes_classifiers/Cacnes_acera_phylogrouplevel.classifier,Pacnes_C1
/home/equ/mit_lieberman/raw_data/2022/211221Lie/Lie_D21-11833/,KIT_57C_MG7_A7,TATGATGGCC+TATGACAATC,Cacnes_classifiers/Cacnes_acera_lineagelevel.classifier Cacnes_classifiers/Cacnes_acera_phylogrouplevel.classifier,Pacnes_C1
/home/equ/mit_lieberman/raw_data/2022/211221Lie/Lie_D21-11833/,KIT_57K_MG7_B7,CGCAGCAATT+ATAGCGGAAT,Cacnes_classifiers/Cacnes_acera_lineagelevel.classifier Cacnes_classifiers/Cacnes_acera_phylogrouplevel.classifier,Pacnes_C1
/home/equ/mit_lieberman/raw_data/2022/211221Lie/Lie_D21-11833/,KIT_57N_MG7_C7,ACGTTCCTTA+CACAGCGGTC,Cacnes_classifiers/Cacnes_acera_lineagelevel.classifier Cacnes_classifiers/Cacnes_acera_phylogrouplevel.classifier,Pacnes_C1
/home/equ/mit_lieberman/raw_data/2022/211221Lie/Lie_D21-11833/,KIT_238C_MG7_E7,GAGCGACGAT+TGATTATACG,Cacnes_classifiers/Cacnes_acera_lineagelevel.classifier Cacnes_classifiers/Cacnes_acera_phylogrouplevel.classifier,Pacnes_C1
/home/equ/mit_lieberman/raw_data/2022/211221Lie/Lie_D21-11833/,KIT_238K_MG7_F7,TAGAGAATAC+CGAATCTATA,Cacnes_classifiers/Cacnes_acera_lineagelevel.classifier Cacnes_classifiers/Cacnes_acera_phylogrouplevel.classifier,Pacnes_C1
/home/equ/mit_lieberman/raw_data/2022/211221Lie/Lie_D21-11833/,KIT_238N_MG7_G7,TTGTATCAGG+TGGCCTCTGT,Cacnes_classifiers/Cacnes_acera_lineagelevel.classifier Cacnes_classifiers/Cacnes_acera_phylogrouplevel.classifier,Pacnes_C1
/home/equ/mit_lieberman/raw_data/2022/211221Lie/Lie_D21-11833/,KIT_238F_MG7_H7,CACAGCGGTC+CAATAGGAAT,Cacnes_classifiers/Cacnes_acera_lineagelevel.classifier Cacnes_classifiers/Cacnes_acera_phylogrouplevel.classifier,Pacnes_C1
/home/equ/mit_lieberman/raw_data/2022/211221Lie/Lie_D21-11833/,KIT_35C_MG7_A8,CCACGCTGAA+CTGAGGAATA,Cacnes_classifiers/Cacnes_acera_lineagelevel.classifier Cacnes_classifiers/Cacnes_acera_phylogrouplevel.classifier,Pacnes_C1
/home/equ/mit_lieberman/raw_data/2022/211221Lie/Lie_D21-11833/,KIT_35K_MG7_B8,GTTCGGAGTT+TCAGAAGGCG,Cacnes_classifiers/Cacnes_acera_lineagelevel.classifier Cacnes_classifiers/Cacnes_acera_phylogrouplevel.classifier,Pacnes_C1
/home/equ/mit_lieberman/raw_data/2022/211221Lie/Lie_D21-11833/,KIT_35N_MG7_C8,ATAGCGGAAT+TACTCTGCGC,Cacnes_classifiers/Cacnes_acera_lineagelevel.classifier Cacnes_classifiers/Cacnes_acera_phylogrouplevel.classifier,Pacnes_C1
/home/equ/mit_lieberman/raw_data/2022/211221Lie/Lie_D21-11833/,KIT_229C_MG7_E8,CTTAAGTCGA+ACAACTACTG,Cacnes_classifiers/Cacnes_acera_lineagelevel.classifier Cacnes_classifiers/Cacnes_acera_phylogrouplevel.classifier,Pacnes_C1
/home/equ/mit_lieberman/raw_data/2022/211221Lie/Lie_D21-11833/,KIT_229K_MG7_F8,CGATGCGGTT+ACCAAGCAGG,Cacnes_classifiers/Cacnes_acera_lineagelevel.classifier Cacnes_classifiers/Cacnes_acera_phylogrouplevel.classifier,Pacnes_C1
/home/equ/mit_lieberman/raw_data/2022/211221Lie/Lie_D21-11833/,KIT_229N_MG7_G8,TCCGGACTAG+ATTGTTCGTC,Cacnes_classifiers/Cacnes_acera_lineagelevel.classifier Cacnes_classifiers/Cacnes_acera_phylogrouplevel.classifier,Pacnes_C1
/home/equ/mit_lieberman/raw_data/2022/211221Lie/Lie_D21-11833/,KIT_229F_MG7_H8,GTGACGGAGC+TGGACCGCCA,Cacnes_classifiers/Cacnes_acera_lineagelevel.classifier Cacnes_classifiers/Cacnes_acera_phylogrouplevel.classifier,Pacnes_C1
/home/equ/mit_lieberman/raw_data/2022/211221Lie/Lie_D21-11833/,KIT_77C_MG7_A9,AATTCCATCT+GTAACTGAAG,Cacnes_classifiers/Cacnes_acera_lineagelevel.classifier Cacnes_classifiers/Cacnes_acera_phylogrouplevel.classifier,Pacnes_C1
/home/equ/mit_lieberman/raw_data/2022/211221Lie/Lie_D21-11833/,KIT_77K_MG7_B9,TTAACGGTGT+ACGGTCAGGA,Cacnes_classifiers/Cacnes_acera_lineagelevel.classifier Cacnes_classifiers/Cacnes_acera_phylogrouplevel.classifier,Pacnes_C1
/home/equ/mit_lieberman/raw_data/2022/211221Lie/Lie_D21-11833/,KIT_77N_MG7_C9,ACTTGTTATC+TCTAGGCGCG,Cacnes_classifiers/Cacnes_acera_lineagelevel.classifier Cacnes_classifiers/Cacnes_acera_phylogrouplevel.classifier,Pacnes_C1
/home/equ/mit_lieberman/raw_data/2022/211221Lie/Lie_D21-11833/,KIT_214C_MG7_E9,CCTGGACGCA+TGGTATACCA,Cacnes_classifiers/Cacnes_acera_lineagelevel.classifier Cacnes_classifiers/Cacnes_acera_phylogrouplevel.classifier,Pacnes_C1
/home/equ/mit_lieberman/raw_data/2022/211221Lie/Lie_D21-11833/,KIT_214K_MG7_F9,CATATGCGAT+CCGTTCAAGG,Cacnes_classifiers/Cacnes_acera_lineagelevel.classifier Cacnes_classifiers/Cacnes_acera_phylogrouplevel.classifier,Pacnes_C1
/home/equ/mit_lieberman/raw_data/2022/211221Lie/Lie_D21-11833/,KIT_214N_MG7_G9,AGCCTATGAT+GTAGGTGGTG,Cacnes_classifiers/Cacnes_acera_lineagelevel.classifier Cacnes_classifiers/Cacnes_acera_phylogrouplevel.classifier,Pacnes_C1
/home/equ/mit_lieberman/raw_data/2022/211221Lie/Lie_D21-11833/,KIT_214F_MG7_H9,TATGACAATC+ATACAAGCAA,Cacnes_classifiers/Cacnes_acera_lineagelevel.classifier Cacnes_classifiers/Cacnes_acera_phylogrouplevel.classifier,Pacnes_C1
/home/equ/mit_lieberman/raw_data/2022/211221Lie/Lie_D21-11833/,KIT_89C_MG7_A10,ATGTTGTTGG+TCATAGATTG,Cacnes_classifiers/Cacnes_acera_lineagelevel.classifier Cacnes_classifiers/Cacnes_acera_phylogrouplevel.classifier,Pacnes_C1
/home/equ/mit_lieberman/raw_data/2022/211221Lie/Lie_D21-11833/,KIT_89K_MG7_B10,GCACCACCAA+ATCAGTACCA,Cacnes_classifiers/Cacnes_acera_lineagelevel.classifier Cacnes_classifiers/Cacnes_acera_phylogrouplevel.classifier,Pacnes_C1
/home/equ/mit_lieberman/raw_data/2022/211221Lie/Lie_D21-11833/,KIT_89N_MG7_C10,AGGCGTTCGC+GTTGGATGAA,Cacnes_classifiers/Cacnes_acera_lineagelevel.classifier Cacnes_classifiers/Cacnes_acera_phylogrouplevel.classifier,Pacnes_C1
/home/equ/mit_lieberman/raw_data/2022/211221Lie/Lie_D21-11833/,KIT_82C_MG7_E10,GGTGAGTAAT+ACTAGATGTT,Cacnes_classifiers/Cacnes_acera_lineagelevel.classifier Cacnes_classifiers/Cacnes_acera_phylogrouplevel.classifier,Pacnes_C1
/home/equ/mit_lieberman/raw_data/2022/211221Lie/Lie_D21-11833/,KIT_82K_MG7_F10,ATTGTTCGTC+AATCTAGAGA,Cacnes_classifiers/Cacnes_acera_lineagelevel.classifier Cacnes_classifiers/Cacnes_acera_phylogrouplevel.classifier,Pacnes_C1
/home/equ/mit_lieberman/raw_data/2022/211221Lie/Lie_D21-11833/,KIT_82N_MG7_G10,GGACCAGTGG+TAGGCTCGCG,Cacnes_classifiers/Cacnes_acera_lineagelevel.classifier Cacnes_classifiers/Cacnes_acera_phylogrouplevel.classifier,Pacnes_C1
/home/equ/mit_lieberman/raw_data/2022/211221Lie/Lie_D21-11833/,KIT_82F_MG7_H10,CCTTCTAACA+AGAGCTTATC,Cacnes_classifiers/Cacnes_acera_lineagelevel.classifier Cacnes_classifiers/Cacnes_acera_phylogrouplevel.classifier,Pacnes_C1
/home/equ/mit_lieberman/raw_data/2022/211221Lie/Lie_D21-11833/,KIT_NEGCONTROL_MG7_A11,CTCGAATATA+TCGACATCTC,Cacnes_classifiers/Cacnes_acera_lineagelevel.classifier Cacnes_classifiers/Cacnes_acera_phylogrouplevel.classifier,Pacnes_C1
/home/equ/mit_lieberman/raw_data/2022/211221Lie/Lie_D21-11833/,KIT_MOCK7_MG7_B11,GATCGTCGCG+ACATATCCAG,Cacnes_classifiers/Cacnes_acera_lineagelevel.classifier Cacnes_classifiers/Cacnes_acera_phylogrouplevel.classifier,Pacnes_C1
/home/equ/mit_lieberman/raw_data/2022/211221Lie/Lie_D21-11833/,KIT_MOCK6_MG7_C11,TATCCGAGGC+CTTATTGGCC,Cacnes_classifiers/Cacnes_acera_lineagelevel.classifier Cacnes_classifiers/Cacnes_acera_phylogrouplevel.classifier,Pacnes_C1
/home/equ/mit_lieberman/raw_data/2022/211221Lie/Lie_D21-11833/,KIT_MOCK4_MG7_E11,GTTGCGTTCA+CAACTGCAAC,Cacnes_classifiers/Cacnes_acera_lineagelevel.classifier Cacnes_classifiers/Cacnes_acera_phylogrouplevel.classifier,Pacnes_C1
/home/equ/mit_lieberman/raw_data/2022/211221Lie/Lie_D21-11833/,KIT_MOCK3_MG7_F11,AATTCTTGGA+AAGTTGACAA,Cacnes_classifiers/Cacnes_acera_lineagelevel.classifier Cacnes_classifiers/Cacnes_acera_phylogrouplevel.classifier,Pacnes_C1
/home/equ/mit_lieberman/raw_data/2022/211221Lie/Lie_D21-11833/,KIT_MOCK2_MG7_G11,TTCCTACAGC+AGAATTCGCC,Cacnes_classifiers/Cacnes_acera_lineagelevel.classifier Cacnes_classifiers/Cacnes_acera_phylogrouplevel.classifier,Pacnes_C1
/home/equ/mit_lieberman/raw_data/2022/211221Lie/Lie_D21-11833/,KIT_MOCK1_MG7_H11,ATCCAGGTAT+GCTGACGTTG,Cacnes_classifiers/Cacnes_acera_lineagelevel.classifier Cacnes_classifiers/Cacnes_acera_phylogrouplevel.classifier,Pacnes_C1
/home/equ/mit_lieberman/raw_data/2022/211221Lie/Lie_D21-11833/,KIT_239C_MG7_A12,ACGGTCCAAC+TGATGTAAGA,Cacnes_classifiers/Cacnes_acera_lineagelevel.classifier Cacnes_classifiers/Cacnes_acera_phylogrouplevel.classifier,Pacnes_C1
/home/equ/mit_lieberman/raw_data/2022/211221Lie/Lie_D21-11833/,KIT_239K_MG7_B12,GTAACTTGGT+AGGTATGGCG,Cacnes_classifiers/Cacnes_acera_lineagelevel.classifier Cacnes_classifiers/Cacnes_acera_phylogrouplevel.classifier,Pacnes_C1
/home/equ/mit_lieberman/raw_data/2022/211221Lie/Lie_D21-11833/,KIT_239N_MG7_C12,AGCGCCACAC+AAGACATTAG,Cacnes_classifiers/Cacnes_acera_lineagelevel.classifier Cacnes_classifiers/Cacnes_acera_phylogrouplevel.classifier,Pacnes_C1
/home/equ/mit_lieberman/raw_data/2022/211221Lie/Lie_D21-11833/,KIT_211C_MG7_E12,TGGTTCTCAT+CGGCCTTGAG,Cacnes_classifiers/Cacnes_acera_lineagelevel.classifier Cacnes_classifiers/Cacnes_acera_phylogrouplevel.classifier,Pacnes_C1
/home/equ/mit_lieberman/raw_data/2022/211221Lie/Lie_D21-11833/,KIT_211K_MG7_F12,CACCTTAATC+TCTATCCTAA,Cacnes_classifiers/Cacnes_acera_lineagelevel.classifier Cacnes_classifiers/Cacnes_acera_phylogrouplevel.classifier,Pacnes_C1
/home/equ/mit_lieberman/raw_data/2022/211221Lie/Lie_D21-11833/,KIT_211N_MG7_G12,TTGAATGTTG+CTAGATTGCG,Cacnes_classifiers/Cacnes_acera_lineagelevel.classifier Cacnes_classifiers/Cacnes_acera_phylogrouplevel.classifier,Pacnes_C1
/home/equ/mit_lieberman/raw_data/2022/211221Lie/Lie_D21-11833/,KIT_211F_MG7_H12,CCGGTAACAC+AGTACAACTC,Cacnes_classifiers/Cacnes_acera_lineagelevel.classifier Cacnes_classifiers/Cacnes_acera_phylogrouplevel.classifier,Pacnes_C1