Path,Sample,FileName,Reference,Outgroup
/orcd/nese/tami/001/raw_data/public_data/thanert_2022_upec_evolution/fastq/SRR13227461,SRR13227461,SRR13227461,Ecoli_ASM584,0
/orcd/nese/tami/001/raw_data/public_data/thanert_2022_upec_evolution/fastq/SRR13227460,SRR13227460,SRR13227460,Ecoli_ASM584,0
/orcd/nese/tami/001/raw_data/public_data/thanert_2022_upec_evolution/fastq/SRR13227745,SRR13227745,SRR13227745,Ecoli_ASM584,0
/orcd/nese/tami/001/raw_data/public_data/thanert_2022_upec_evolution/fastq/SRR13227561,SRR13227561,SRR13227561,Ecoli_ASM584,0
/orcd/nese/tami/001/raw_data/public_data/thanert_2022_upec_evolution/fastq/SRR13228290,SRR13228290,SRR13228290,Ecoli_ASM584,0
/orcd/nese/tami/001/raw_data/public_data/thanert_2022_upec_evolution/fastq/SRR13228051,SRR13228051,SRR13228051,Ecoli_ASM584,0
/orcd/nese/tami/001/raw_data/public_data/thanert_2022_upec_evolution/fastq/SRR13227684,SRR13227684,SRR13227684,Ecoli_ASM584,0
/orcd/nese/tami/001/raw_data/public_data/thanert_2022_upec_evolution/fastq/SRR13228341,SRR13228341,SRR13228341,Ecoli_ASM584,0
/orcd/nese/tami/001/raw_data/public_data/thanert_2022_upec_evolution/fastq/SRR13228102,SRR13228102,SRR13228102,Ecoli_ASM584,0
/orcd/nese/tami/001/raw_data/public_data/thanert_2022_upec_evolution/fastq/SRR13227864,SRR13227864,SRR13227864,Ecoli_ASM584,0
/orcd/nese/tami/001/raw_data/public_data/thanert_2022_upec_evolution/fastq/SRR13227459,SRR13227459,SRR13227459,Ecoli_ASM584,0
/orcd/nese/tami/001/raw_data/public_data/thanert_2022_upec_evolution/fastq/SRR13227973,SRR13227973,SRR13227973,Ecoli_ASM584,0
/orcd/nese/tami/001/raw_data/public_data/thanert_2022_upec_evolution/fastq/SRR13227962,SRR13227962,SRR13227962,Ecoli_ASM584,0
/orcd/nese/tami/001/raw_data/public_data/thanert_2022_upec_evolution/fastq/SRR13227950,SRR13227950,SRR13227950,Ecoli_ASM584,0
/orcd/nese/tami/001/raw_data/public_data/thanert_2022_upec_evolution/fastq/SRR13227908,SRR13227908,SRR13227908,Ecoli_ASM584,0
/orcd/nese/tami/001/raw_data/public_data/thanert_2022_upec_evolution/fastq/SRR13227897,SRR13227897,SRR13227897,Ecoli_ASM584,0
/orcd/nese/tami/001/raw_data/public_data/thanert_2022_upec_evolution/fastq/SRR13227822,SRR13227822,SRR13227822,Ecoli_ASM584,0
/orcd/nese/tami/001/raw_data/public_data/thanert_2022_upec_evolution/fastq/SRR13227811,SRR13227811,SRR13227811,Ecoli_ASM584,0
/orcd/nese/tami/001/raw_data/public_data/thanert_2022_upec_evolution/fastq/SRR13227800,SRR13227800,SRR13227800,Ecoli_ASM584,0
/orcd/nese/tami/001/raw_data/public_data/thanert_2022_upec_evolution/fastq/SRR13227756,SRR13227756,SRR13227756,Ecoli_ASM584,0
/orcd/nese/tami/001/raw_data/public_data/thanert_2022_upec_evolution/fastq/SRR13227744,SRR13227744,SRR13227744,Ecoli_ASM584,0
/orcd/nese/tami/001/raw_data/public_data/thanert_2022_upec_evolution/fastq/SRR13227733,SRR13227733,SRR13227733,Ecoli_ASM584,0
/orcd/nese/tami/001/raw_data/public_data/thanert_2022_upec_evolution/fastq/SRR13227649,SRR13227649,SRR13227649,Ecoli_ASM584,0
/orcd/nese/tami/001/raw_data/public_data/thanert_2022_upec_evolution/fastq/SRR13227638,SRR13227638,SRR13227638,Ecoli_ASM584,0
/orcd/nese/tami/001/raw_data/public_data/thanert_2022_upec_evolution/fastq/SRR13227627,SRR13227627,SRR13227627,Ecoli_ASM584,0
/orcd/nese/tami/001/raw_data/public_data/thanert_2022_upec_evolution/fastq/SRR13227616,SRR13227616,SRR13227616,Ecoli_ASM584,0
/orcd/nese/tami/001/raw_data/public_data/thanert_2022_upec_evolution/fastq/SRR13227605,SRR13227605,SRR13227605,Ecoli_ASM584,0
/orcd/nese/tami/001/raw_data/public_data/thanert_2022_upec_evolution/fastq/SRR13227594,SRR13227594,SRR13227594,Ecoli_ASM584,0
/orcd/nese/tami/001/raw_data/public_data/thanert_2022_upec_evolution/fastq/SRR13227583,SRR13227583,SRR13227583,Ecoli_ASM584,0
/orcd/nese/tami/001/raw_data/public_data/thanert_2022_upec_evolution/fastq/SRR13227572,SRR13227572,SRR13227572,Ecoli_ASM584,0
/orcd/nese/tami/001/raw_data/public_data/thanert_2022_upec_evolution/fastq/SRR13227560,SRR13227560,SRR13227560,Ecoli_ASM584,0
/orcd/nese/tami/001/raw_data/public_data/thanert_2022_upec_evolution/fastq/SRR13227517,SRR13227517,SRR13227517,Ecoli_ASM584,0
/orcd/nese/tami/001/raw_data/public_data/thanert_2022_upec_evolution/fastq/SRR13227506,SRR13227506,SRR13227506,Ecoli_ASM584,0
/orcd/nese/tami/001/raw_data/public_data/thanert_2022_upec_evolution/fastq/SRR13227495,SRR13227495,SRR13227495,Ecoli_ASM584,0
/orcd/nese/tami/001/raw_data/public_data/thanert_2022_upec_evolution/fastq/SRR13227484,SRR13227484,SRR13227484,Ecoli_ASM584,0
/orcd/nese/tami/001/raw_data/public_data/thanert_2022_upec_evolution/fastq/SRR13227473,SRR13227473,SRR13227473,Ecoli_ASM584,0
/orcd/nese/tami/001/raw_data/public_data/thanert_2022_upec_evolution/fastq/SRR13227462,SRR13227462,SRR13227462,Ecoli_ASM584,0
/orcd/nese/tami/001/raw_data/public_data/thanert_2022_upec_evolution/fastq/SRR13228323,SRR13228323,SRR13228323,Ecoli_ASM584,0
/orcd/nese/tami/001/raw_data/public_data/thanert_2022_upec_evolution/fastq/SRR13228312,SRR13228312,SRR13228312,Ecoli_ASM584,0
/orcd/nese/tami/001/raw_data/public_data/thanert_2022_upec_evolution/fastq/SRR13228301,SRR13228301,SRR13228301,Ecoli_ASM584,0
/orcd/nese/tami/001/raw_data/public_data/thanert_2022_upec_evolution/fastq/SRR13228289,SRR13228289,SRR13228289,Ecoli_ASM584,0
/orcd/nese/tami/001/raw_data/public_data/thanert_2022_upec_evolution/fastq/SRR13228278,SRR13228278,SRR13228278,Ecoli_ASM584,0
/orcd/nese/tami/001/raw_data/public_data/thanert_2022_upec_evolution/fastq/SRR13228213,SRR13228213,SRR13228213,Ecoli_ASM584,0
/orcd/nese/tami/001/raw_data/public_data/thanert_2022_upec_evolution/fastq/SRR13228235,SRR13228235,SRR13228235,Ecoli_ASM584,0
/orcd/nese/tami/001/raw_data/public_data/thanert_2022_upec_evolution/fastq/SRR13228224,SRR13228224,SRR13228224,Ecoli_ASM584,0
/orcd/nese/tami/001/raw_data/public_data/thanert_2022_upec_evolution/fastq/SRR13228170,SRR13228170,SRR13228170,Ecoli_ASM584,0
/orcd/nese/tami/001/raw_data/public_data/thanert_2022_upec_evolution/fastq/SRR13228159,SRR13228159,SRR13228159,Ecoli_ASM584,0
/orcd/nese/tami/001/raw_data/public_data/thanert_2022_upec_evolution/fastq/SRR13228148,SRR13228148,SRR13228148,Ecoli_ASM584,0
/orcd/nese/tami/001/raw_data/public_data/thanert_2022_upec_evolution/fastq/SRR13228073,SRR13228073,SRR13228073,Ecoli_ASM584,0
/orcd/nese/tami/001/raw_data/public_data/thanert_2022_upec_evolution/fastq/SRR13228062,SRR13228062,SRR13228062,Ecoli_ASM584,0
/orcd/nese/tami/001/raw_data/public_data/thanert_2022_upec_evolution/fastq/SRR13228050,SRR13228050,SRR13228050,Ecoli_ASM584,0
/orcd/nese/tami/001/raw_data/public_data/thanert_2022_upec_evolution/fastq/SRR13228008,SRR13228008,SRR13228008,Ecoli_ASM584,0
/orcd/nese/tami/001/raw_data/public_data/thanert_2022_upec_evolution/fastq/SRR13227997,SRR13227997,SRR13227997,Ecoli_ASM584,0
/orcd/nese/tami/001/raw_data/public_data/thanert_2022_upec_evolution/fastq/SRR13227986,SRR13227986,SRR13227986,Ecoli_ASM584,0
/orcd/nese/tami/001/raw_data/public_data/thanert_2022_upec_evolution/fastq/SRR13227718,SRR13227718,SRR13227718,Ecoli_ASM584,0
/orcd/nese/tami/001/raw_data/public_data/thanert_2022_upec_evolution/fastq/SRR13227707,SRR13227707,SRR13227707,Ecoli_ASM584,0
/orcd/nese/tami/001/raw_data/public_data/thanert_2022_upec_evolution/fastq/SRR13227696,SRR13227696,SRR13227696,Ecoli_ASM584,0
/orcd/nese/tami/001/raw_data/public_data/thanert_2022_upec_evolution/fastq/SRR13227846,SRR13227846,SRR13227846,Ecoli_ASM584,0
/orcd/nese/tami/001/raw_data/public_data/thanert_2022_upec_evolution/fastq/SRR13227835,SRR13227835,SRR13227835,Ecoli_ASM584,0
/orcd/nese/tami/001/raw_data/public_data/thanert_2022_upec_evolution/fastq/SRR13227824,SRR13227824,SRR13227824,Ecoli_ASM584,0
/orcd/nese/tami/001/raw_data/public_data/thanert_2022_upec_evolution/fastq/SRR13227683,SRR13227683,SRR13227683,Ecoli_ASM584,0
/orcd/nese/tami/001/raw_data/public_data/thanert_2022_upec_evolution/fastq/SRR13227672,SRR13227672,SRR13227672,Ecoli_ASM584,0
/orcd/nese/tami/001/raw_data/public_data/thanert_2022_upec_evolution/fastq/SRR13227557,SRR13227557,SRR13227557,Ecoli_ASM584,0
/orcd/nese/tami/001/raw_data/public_data/thanert_2022_upec_evolution/fastq/SRR13227546,SRR13227546,SRR13227546,Ecoli_ASM584,0
/orcd/nese/tami/001/raw_data/public_data/thanert_2022_upec_evolution/fastq/SRR13227535,SRR13227535,SRR13227535,Ecoli_ASM584,0
/orcd/nese/tami/001/raw_data/public_data/thanert_2022_upec_evolution/fastq/SRR13227456,SRR13227456,SRR13227456,Ecoli_ASM584,0
/orcd/nese/tami/001/raw_data/public_data/thanert_2022_upec_evolution/fastq/SRR13227445,SRR13227445,SRR13227445,Ecoli_ASM584,0
/orcd/nese/tami/001/raw_data/public_data/thanert_2022_upec_evolution/fastq/SRR13227434,SRR13227434,SRR13227434,Ecoli_ASM584,0
/orcd/nese/tami/001/raw_data/public_data/thanert_2022_upec_evolution/fastq/SRR13228363,SRR13228363,SRR13228363,Ecoli_ASM584,0
/orcd/nese/tami/001/raw_data/public_data/thanert_2022_upec_evolution/fastq/SRR13228352,SRR13228352,SRR13228352,Ecoli_ASM584,0
/orcd/nese/tami/001/raw_data/public_data/thanert_2022_upec_evolution/fastq/SRR13228340,SRR13228340,SRR13228340,Ecoli_ASM584,0
/orcd/nese/tami/001/raw_data/public_data/thanert_2022_upec_evolution/fastq/SRR13228265,SRR13228265,SRR13228265,Ecoli_ASM584,0
/orcd/nese/tami/001/raw_data/public_data/thanert_2022_upec_evolution/fastq/SRR13228254,SRR13228254,SRR13228254,Ecoli_ASM584,0
/orcd/nese/tami/001/raw_data/public_data/thanert_2022_upec_evolution/fastq/SRR13228243,SRR13228243,SRR13228243,Ecoli_ASM584,0
/orcd/nese/tami/001/raw_data/public_data/thanert_2022_upec_evolution/fastq/SRR13228200,SRR13228200,SRR13228200,Ecoli_ASM584,0
/orcd/nese/tami/001/raw_data/public_data/thanert_2022_upec_evolution/fastq/SRR13228189,SRR13228189,SRR13228189,Ecoli_ASM584,0
/orcd/nese/tami/001/raw_data/public_data/thanert_2022_upec_evolution/fastq/SRR13228135,SRR13228135,SRR13228135,Ecoli_ASM584,0
/orcd/nese/tami/001/raw_data/public_data/thanert_2022_upec_evolution/fastq/SRR13228124,SRR13228124,SRR13228124,Ecoli_ASM584,0
/orcd/nese/tami/001/raw_data/public_data/thanert_2022_upec_evolution/fastq/SRR13228113,SRR13228113,SRR13228113,Ecoli_ASM584,0
/orcd/nese/tami/001/raw_data/public_data/thanert_2022_upec_evolution/fastq/SRR13228178,SRR13228178,SRR13228178,Ecoli_ASM584,0
/orcd/nese/tami/001/raw_data/public_data/thanert_2022_upec_evolution/fastq/SRR13228090,SRR13228090,SRR13228090,Ecoli_ASM584,0
/orcd/nese/tami/001/raw_data/public_data/thanert_2022_upec_evolution/fastq/SRR13228101,SRR13228101,SRR13228101,Ecoli_ASM584,0
/orcd/nese/tami/001/raw_data/public_data/thanert_2022_upec_evolution/fastq/SRR13228079,SRR13228079,SRR13228079,Ecoli_ASM584,0
/orcd/nese/tami/001/raw_data/public_data/thanert_2022_upec_evolution/fastq/SRR13228036,SRR13228036,SRR13228036,Ecoli_ASM584,0
/orcd/nese/tami/001/raw_data/public_data/thanert_2022_upec_evolution/fastq/SRR13228026,SRR13228026,SRR13228026,Ecoli_ASM584,0
/orcd/nese/tami/001/raw_data/public_data/thanert_2022_upec_evolution/fastq/SRR13228015,SRR13228015,SRR13228015,Ecoli_ASM584,0
/orcd/nese/tami/001/raw_data/public_data/thanert_2022_upec_evolution/fastq/SRR13227940,SRR13227940,SRR13227940,Ecoli_ASM584,0
/orcd/nese/tami/001/raw_data/public_data/thanert_2022_upec_evolution/fastq/SRR13227929,SRR13227929,SRR13227929,Ecoli_ASM584,0
/orcd/nese/tami/001/raw_data/public_data/thanert_2022_upec_evolution/fastq/SRR13227887,SRR13227887,SRR13227887,Ecoli_ASM584,0
/orcd/nese/tami/001/raw_data/public_data/thanert_2022_upec_evolution/fastq/SRR13227875,SRR13227875,SRR13227875,Ecoli_ASM584,0
/orcd/nese/tami/001/raw_data/public_data/thanert_2022_upec_evolution/fastq/SRR13227863,SRR13227863,SRR13227863,Ecoli_ASM584,0
/orcd/nese/tami/001/raw_data/public_data/thanert_2022_upec_evolution/fastq/SRR13227777,SRR13227777,SRR13227777,Ecoli_ASM584,0
/orcd/nese/tami/001/raw_data/public_data/thanert_2022_upec_evolution/fastq/SRR13227788,SRR13227788,SRR13227788,Ecoli_ASM584,0
/orcd/nese/tami/001/raw_data/public_data/thanert_2022_upec_evolution/fastq/SRR13227766,SRR13227766,SRR13227766,Ecoli_ASM584,0
/orcd/nese/tami/001/raw_data/public_data/thanert_2022_upec_evolution/fastq/SRR13227658,SRR13227658,SRR13227658,Ecoli_ASM584,0
/orcd/nese/tami/001/raw_data/public_data/thanert_2022_upec_evolution/fastq/SRR13227656,SRR13227656,SRR13227656,Ecoli_ASM584,0
/orcd/nese/tami/001/raw_data/public_data/thanert_2022_upec_evolution/fastq/SRR13227657,SRR13227657,SRR13227657,Ecoli_ASM584,0
/orcd/nese/tami/001/raw_data/public_data/thanert_2022_upec_evolution/fastq/SRR13227655,SRR13227655,SRR13227655,Ecoli_ASM584,0
/orcd/nese/tami/001/raw_data/public_data/thanert_2022_upec_evolution/fastq/SRR13227654,SRR13227654,SRR13227654,Ecoli_ASM584,0
/orcd/nese/tami/001/raw_data/public_data/thanert_2022_upec_evolution/fastq/SRR13227653,SRR13227653,SRR13227653,Ecoli_ASM584,0
/orcd/nese/tami/001/raw_data/public_data/thanert_2022_upec_evolution/fastq/SRR13227457,SRR13227457,SRR13227457,Ecoli_ASM584,0
/orcd/nese/tami/001/raw_data/public_data/thanert_2022_upec_evolution/fastq/SRR13227982,SRR13227982,SRR13227982,Ecoli_ASM584,0
/orcd/nese/tami/001/raw_data/public_data/thanert_2022_upec_evolution/fastq/SRR13227981,SRR13227981,SRR13227981,Ecoli_ASM584,0
/orcd/nese/tami/001/raw_data/public_data/thanert_2022_upec_evolution/fastq/SRR13227980,SRR13227980,SRR13227980,Ecoli_ASM584,0
/orcd/nese/tami/001/raw_data/public_data/thanert_2022_upec_evolution/fastq/SRR13227979,SRR13227979,SRR13227979,Ecoli_ASM584,0
/orcd/nese/tami/001/raw_data/public_data/thanert_2022_upec_evolution/fastq/SRR13227978,SRR13227978,SRR13227978,Ecoli_ASM584,0
/orcd/nese/tami/001/raw_data/public_data/thanert_2022_upec_evolution/fastq/SRR13227977,SRR13227977,SRR13227977,Ecoli_ASM584,0
/orcd/nese/tami/001/raw_data/public_data/thanert_2022_upec_evolution/fastq/SRR13227976,SRR13227976,SRR13227976,Ecoli_ASM584,0
/orcd/nese/tami/001/raw_data/public_data/thanert_2022_upec_evolution/fastq/SRR13227975,SRR13227975,SRR13227975,Ecoli_ASM584,0
/orcd/nese/tami/001/raw_data/public_data/thanert_2022_upec_evolution/fastq/SRR13227974,SRR13227974,SRR13227974,Ecoli_ASM584,0
/orcd/nese/tami/001/raw_data/public_data/thanert_2022_upec_evolution/fastq/SRR13227972,SRR13227972,SRR13227972,Ecoli_ASM584,0
/orcd/nese/tami/001/raw_data/public_data/thanert_2022_upec_evolution/fastq/SRR13227971,SRR13227971,SRR13227971,Ecoli_ASM584,0
/orcd/nese/tami/001/raw_data/public_data/thanert_2022_upec_evolution/fastq/SRR13227970,SRR13227970,SRR13227970,Ecoli_ASM584,0
/orcd/nese/tami/001/raw_data/public_data/thanert_2022_upec_evolution/fastq/SRR13227969,SRR13227969,SRR13227969,Ecoli_ASM584,0
/orcd/nese/tami/001/raw_data/public_data/thanert_2022_upec_evolution/fastq/SRR13227968,SRR13227968,SRR13227968,Ecoli_ASM584,0
/orcd/nese/tami/001/raw_data/public_data/thanert_2022_upec_evolution/fastq/SRR13227967,SRR13227967,SRR13227967,Ecoli_ASM584,0
/orcd/nese/tami/001/raw_data/public_data/thanert_2022_upec_evolution/fastq/SRR13227966,SRR13227966,SRR13227966,Ecoli_ASM584,0
/orcd/nese/tami/001/raw_data/public_data/thanert_2022_upec_evolution/fastq/SRR13227965,SRR13227965,SRR13227965,Ecoli_ASM584,0
/orcd/nese/tami/001/raw_data/public_data/thanert_2022_upec_evolution/fastq/SRR13227964,SRR13227964,SRR13227964,Ecoli_ASM584,0
/orcd/nese/tami/001/raw_data/public_data/thanert_2022_upec_evolution/fastq/SRR13227963,SRR13227963,SRR13227963,Ecoli_ASM584,0
/orcd/nese/tami/001/raw_data/public_data/thanert_2022_upec_evolution/fastq/SRR13227961,SRR13227961,SRR13227961,Ecoli_ASM584,0
/orcd/nese/tami/001/raw_data/public_data/thanert_2022_upec_evolution/fastq/SRR13227960,SRR13227960,SRR13227960,Ecoli_ASM584,0
/orcd/nese/tami/001/raw_data/public_data/thanert_2022_upec_evolution/fastq/SRR13227959,SRR13227959,SRR13227959,Ecoli_ASM584,0
/orcd/nese/tami/001/raw_data/public_data/thanert_2022_upec_evolution/fastq/SRR13227958,SRR13227958,SRR13227958,Ecoli_ASM584,0
/orcd/nese/tami/001/raw_data/public_data/thanert_2022_upec_evolution/fastq/SRR13227957,SRR13227957,SRR13227957,Ecoli_ASM584,0
/orcd/nese/tami/001/raw_data/public_data/thanert_2022_upec_evolution/fastq/SRR13227956,SRR13227956,SRR13227956,Ecoli_ASM584,0
/orcd/nese/tami/001/raw_data/public_data/thanert_2022_upec_evolution/fastq/SRR13227955,SRR13227955,SRR13227955,Ecoli_ASM584,0
/orcd/nese/tami/001/raw_data/public_data/thanert_2022_upec_evolution/fastq/SRR13227954,SRR13227954,SRR13227954,Ecoli_ASM584,0
/orcd/nese/tami/001/raw_data/public_data/thanert_2022_upec_evolution/fastq/SRR13227953,SRR13227953,SRR13227953,Ecoli_ASM584,0
/orcd/nese/tami/001/raw_data/public_data/thanert_2022_upec_evolution/fastq/SRR13227952,SRR13227952,SRR13227952,Ecoli_ASM584,0
/orcd/nese/tami/001/raw_data/public_data/thanert_2022_upec_evolution/fastq/SRR13227918,SRR13227918,SRR13227918,Ecoli_ASM584,0
/orcd/nese/tami/001/raw_data/public_data/thanert_2022_upec_evolution/fastq/SRR13227917,SRR13227917,SRR13227917,Ecoli_ASM584,0
/orcd/nese/tami/001/raw_data/public_data/thanert_2022_upec_evolution/fastq/SRR13227916,SRR13227916,SRR13227916,Ecoli_ASM584,0
/orcd/nese/tami/001/raw_data/public_data/thanert_2022_upec_evolution/fastq/SRR13227915,SRR13227915,SRR13227915,Ecoli_ASM584,0
/orcd/nese/tami/001/raw_data/public_data/thanert_2022_upec_evolution/fastq/SRR13227914,SRR13227914,SRR13227914,Ecoli_ASM584,0
/orcd/nese/tami/001/raw_data/public_data/thanert_2022_upec_evolution/fastq/SRR13227913,SRR13227913,SRR13227913,Ecoli_ASM584,0
/orcd/nese/tami/001/raw_data/public_data/thanert_2022_upec_evolution/fastq/SRR13227912,SRR13227912,SRR13227912,Ecoli_ASM584,0
/orcd/nese/tami/001/raw_data/public_data/thanert_2022_upec_evolution/fastq/SRR13227911,SRR13227911,SRR13227911,Ecoli_ASM584,0
/orcd/nese/tami/001/raw_data/public_data/thanert_2022_upec_evolution/fastq/SRR13227910,SRR13227910,SRR13227910,Ecoli_ASM584,0
/orcd/nese/tami/001/raw_data/public_data/thanert_2022_upec_evolution/fastq/SRR13227909,SRR13227909,SRR13227909,Ecoli_ASM584,0
/orcd/nese/tami/001/raw_data/public_data/thanert_2022_upec_evolution/fastq/SRR13227907,SRR13227907,SRR13227907,Ecoli_ASM584,0
/orcd/nese/tami/001/raw_data/public_data/thanert_2022_upec_evolution/fastq/SRR13227906,SRR13227906,SRR13227906,Ecoli_ASM584,0
/orcd/nese/tami/001/raw_data/public_data/thanert_2022_upec_evolution/fastq/SRR13227905,SRR13227905,SRR13227905,Ecoli_ASM584,0
/orcd/nese/tami/001/raw_data/public_data/thanert_2022_upec_evolution/fastq/SRR13227904,SRR13227904,SRR13227904,Ecoli_ASM584,0
/orcd/nese/tami/001/raw_data/public_data/thanert_2022_upec_evolution/fastq/SRR13227902,SRR13227902,SRR13227902,Ecoli_ASM584,0
/orcd/nese/tami/001/raw_data/public_data/thanert_2022_upec_evolution/fastq/SRR13227903,SRR13227903,SRR13227903,Ecoli_ASM584,0
/orcd/nese/tami/001/raw_data/public_data/thanert_2022_upec_evolution/fastq/SRR13227901,SRR13227901,SRR13227901,Ecoli_ASM584,0
/orcd/nese/tami/001/raw_data/public_data/thanert_2022_upec_evolution/fastq/SRR13227900,SRR13227900,SRR13227900,Ecoli_ASM584,0
/orcd/nese/tami/001/raw_data/public_data/thanert_2022_upec_evolution/fastq/SRR13227899,SRR13227899,SRR13227899,Ecoli_ASM584,0
/orcd/nese/tami/001/raw_data/public_data/thanert_2022_upec_evolution/fastq/SRR13227898,SRR13227898,SRR13227898,Ecoli_ASM584,0
/orcd/nese/tami/001/raw_data/public_data/thanert_2022_upec_evolution/fastq/SRR13227896,SRR13227896,SRR13227896,Ecoli_ASM584,0
/orcd/nese/tami/001/raw_data/public_data/thanert_2022_upec_evolution/fastq/SRR13227895,SRR13227895,SRR13227895,Ecoli_ASM584,0
/orcd/nese/tami/001/raw_data/public_data/thanert_2022_upec_evolution/fastq/SRR13227894,SRR13227894,SRR13227894,Ecoli_ASM584,0
/orcd/nese/tami/001/raw_data/public_data/thanert_2022_upec_evolution/fastq/SRR13227893,SRR13227893,SRR13227893,Ecoli_ASM584,0
/orcd/nese/tami/001/raw_data/public_data/thanert_2022_upec_evolution/fastq/SRR13227892,SRR13227892,SRR13227892,Ecoli_ASM584,0
/orcd/nese/tami/001/raw_data/public_data/thanert_2022_upec_evolution/fastq/SRR13227891,SRR13227891,SRR13227891,Ecoli_ASM584,0
/orcd/nese/tami/001/raw_data/public_data/thanert_2022_upec_evolution/fastq/SRR13227890,SRR13227890,SRR13227890,Ecoli_ASM584,0
/orcd/nese/tami/001/raw_data/public_data/thanert_2022_upec_evolution/fastq/SRR13227889,SRR13227889,SRR13227889,Ecoli_ASM584,0
/orcd/nese/tami/001/raw_data/public_data/thanert_2022_upec_evolution/fastq/SRR13227888,SRR13227888,SRR13227888,Ecoli_ASM584,0
/orcd/nese/tami/001/raw_data/public_data/thanert_2022_upec_evolution/fastq/SRR13227886,SRR13227886,SRR13227886,Ecoli_ASM584,0
/orcd/nese/tami/001/raw_data/public_data/thanert_2022_upec_evolution/fastq/SRR13227821,SRR13227821,SRR13227821,Ecoli_ASM584,0
/orcd/nese/tami/001/raw_data/public_data/thanert_2022_upec_evolution/fastq/SRR13227820,SRR13227820,SRR13227820,Ecoli_ASM584,0
/orcd/nese/tami/001/raw_data/public_data/thanert_2022_upec_evolution/fastq/SRR13227819,SRR13227819,SRR13227819,Ecoli_ASM584,0
/orcd/nese/tami/001/raw_data/public_data/thanert_2022_upec_evolution/fastq/SRR13227818,SRR13227818,SRR13227818,Ecoli_ASM584,0
/orcd/nese/tami/001/raw_data/public_data/thanert_2022_upec_evolution/fastq/SRR13227817,SRR13227817,SRR13227817,Ecoli_ASM584,0
/orcd/nese/tami/001/raw_data/public_data/thanert_2022_upec_evolution/fastq/SRR13227816,SRR13227816,SRR13227816,Ecoli_ASM584,0
/orcd/nese/tami/001/raw_data/public_data/thanert_2022_upec_evolution/fastq/SRR13227815,SRR13227815,SRR13227815,Ecoli_ASM584,0
/orcd/nese/tami/001/raw_data/public_data/thanert_2022_upec_evolution/fastq/SRR13227814,SRR13227814,SRR13227814,Ecoli_ASM584,0
/orcd/nese/tami/001/raw_data/public_data/thanert_2022_upec_evolution/fastq/SRR13227813,SRR13227813,SRR13227813,Ecoli_ASM584,0
/orcd/nese/tami/001/raw_data/public_data/thanert_2022_upec_evolution/fastq/SRR13227812,SRR13227812,SRR13227812,Ecoli_ASM584,0
/orcd/nese/tami/001/raw_data/public_data/thanert_2022_upec_evolution/fastq/SRR13227810,SRR13227810,SRR13227810,Ecoli_ASM584,0
/orcd/nese/tami/001/raw_data/public_data/thanert_2022_upec_evolution/fastq/SRR13227809,SRR13227809,SRR13227809,Ecoli_ASM584,0
/orcd/nese/tami/001/raw_data/public_data/thanert_2022_upec_evolution/fastq/SRR13227808,SRR13227808,SRR13227808,Ecoli_ASM584,0
/orcd/nese/tami/001/raw_data/public_data/thanert_2022_upec_evolution/fastq/SRR13227807,SRR13227807,SRR13227807,Ecoli_ASM584,0
/orcd/nese/tami/001/raw_data/public_data/thanert_2022_upec_evolution/fastq/SRR13227806,SRR13227806,SRR13227806,Ecoli_ASM584,0
/orcd/nese/tami/001/raw_data/public_data/thanert_2022_upec_evolution/fastq/SRR13227805,SRR13227805,SRR13227805,Ecoli_ASM584,0
/orcd/nese/tami/001/raw_data/public_data/thanert_2022_upec_evolution/fastq/SRR13227804,SRR13227804,SRR13227804,Ecoli_ASM584,0
/orcd/nese/tami/001/raw_data/public_data/thanert_2022_upec_evolution/fastq/SRR13227803,SRR13227803,SRR13227803,Ecoli_ASM584,0
/orcd/nese/tami/001/raw_data/public_data/thanert_2022_upec_evolution/fastq/SRR13227802,SRR13227802,SRR13227802,Ecoli_ASM584,0
/orcd/nese/tami/001/raw_data/public_data/thanert_2022_upec_evolution/fastq/SRR13227801,SRR13227801,SRR13227801,Ecoli_ASM584,0
/orcd/nese/tami/001/raw_data/public_data/thanert_2022_upec_evolution/fastq/SRR13227799,SRR13227799,SRR13227799,Ecoli_ASM584,0
/orcd/nese/tami/001/raw_data/public_data/thanert_2022_upec_evolution/fastq/SRR13227798,SRR13227798,SRR13227798,Ecoli_ASM584,0
/orcd/nese/tami/001/raw_data/public_data/thanert_2022_upec_evolution/fastq/SRR13227797,SRR13227797,SRR13227797,Ecoli_ASM584,0
/orcd/nese/tami/001/raw_data/public_data/thanert_2022_upec_evolution/fastq/SRR13227796,SRR13227796,SRR13227796,Ecoli_ASM584,0
/orcd/nese/tami/001/raw_data/public_data/thanert_2022_upec_evolution/fastq/SRR13227795,SRR13227795,SRR13227795,Ecoli_ASM584,0
/orcd/nese/tami/001/raw_data/public_data/thanert_2022_upec_evolution/fastq/SRR13227794,SRR13227794,SRR13227794,Ecoli_ASM584,0
/orcd/nese/tami/001/raw_data/public_data/thanert_2022_upec_evolution/fastq/SRR13227793,SRR13227793,SRR13227793,Ecoli_ASM584,0
/orcd/nese/tami/001/raw_data/public_data/thanert_2022_upec_evolution/fastq/SRR13227792,SRR13227792,SRR13227792,Ecoli_ASM584,0
/orcd/nese/tami/001/raw_data/public_data/thanert_2022_upec_evolution/fastq/SRR13227791,SRR13227791,SRR13227791,Ecoli_ASM584,0
/orcd/nese/tami/001/raw_data/public_data/thanert_2022_upec_evolution/fastq/SRR13227757,SRR13227757,SRR13227757,Ecoli_ASM584,0
/orcd/nese/tami/001/raw_data/public_data/thanert_2022_upec_evolution/fastq/SRR13227755,SRR13227755,SRR13227755,Ecoli_ASM584,0
/orcd/nese/tami/001/raw_data/public_data/thanert_2022_upec_evolution/fastq/SRR13227754,SRR13227754,SRR13227754,Ecoli_ASM584,0
/orcd/nese/tami/001/raw_data/public_data/thanert_2022_upec_evolution/fastq/SRR13227753,SRR13227753,SRR13227753,Ecoli_ASM584,0
/orcd/nese/tami/001/raw_data/public_data/thanert_2022_upec_evolution/fastq/SRR13227752,SRR13227752,SRR13227752,Ecoli_ASM584,0
/orcd/nese/tami/001/raw_data/public_data/thanert_2022_upec_evolution/fastq/SRR13227751,SRR13227751,SRR13227751,Ecoli_ASM584,0
/orcd/nese/tami/001/raw_data/public_data/thanert_2022_upec_evolution/fastq/SRR13227750,SRR13227750,SRR13227750,Ecoli_ASM584,0
/orcd/nese/tami/001/raw_data/public_data/thanert_2022_upec_evolution/fastq/SRR13227749,SRR13227749,SRR13227749,Ecoli_ASM584,0
/orcd/nese/tami/001/raw_data/public_data/thanert_2022_upec_evolution/fastq/SRR13227748,SRR13227748,SRR13227748,Ecoli_ASM584,0
/orcd/nese/tami/001/raw_data/public_data/thanert_2022_upec_evolution/fastq/SRR13227746,SRR13227746,SRR13227746,Ecoli_ASM584,0
/orcd/nese/tami/001/raw_data/public_data/thanert_2022_upec_evolution/fastq/SRR13227747,SRR13227747,SRR13227747,Ecoli_ASM584,0
/orcd/nese/tami/001/raw_data/public_data/thanert_2022_upec_evolution/fastq/SRR13227743,SRR13227743,SRR13227743,Ecoli_ASM584,0
/orcd/nese/tami/001/raw_data/public_data/thanert_2022_upec_evolution/fastq/SRR13227742,SRR13227742,SRR13227742,Ecoli_ASM584,0
/orcd/nese/tami/001/raw_data/public_data/thanert_2022_upec_evolution/fastq/SRR13227741,SRR13227741,SRR13227741,Ecoli_ASM584,0
/orcd/nese/tami/001/raw_data/public_data/thanert_2022_upec_evolution/fastq/SRR13227740,SRR13227740,SRR13227740,Ecoli_ASM584,0
/orcd/nese/tami/001/raw_data/public_data/thanert_2022_upec_evolution/fastq/SRR13227739,SRR13227739,SRR13227739,Ecoli_ASM584,0
/orcd/nese/tami/001/raw_data/public_data/thanert_2022_upec_evolution/fastq/SRR13227738,SRR13227738,SRR13227738,Ecoli_ASM584,0
/orcd/nese/tami/001/raw_data/public_data/thanert_2022_upec_evolution/fastq/SRR13227737,SRR13227737,SRR13227737,Ecoli_ASM584,0
/orcd/nese/tami/001/raw_data/public_data/thanert_2022_upec_evolution/fastq/SRR13227736,SRR13227736,SRR13227736,Ecoli_ASM584,0
/orcd/nese/tami/001/raw_data/public_data/thanert_2022_upec_evolution/fastq/SRR13227735,SRR13227735,SRR13227735,Ecoli_ASM584,0
/orcd/nese/tami/001/raw_data/public_data/thanert_2022_upec_evolution/fastq/SRR13227734,SRR13227734,SRR13227734,Ecoli_ASM584,0
/orcd/nese/tami/001/raw_data/public_data/thanert_2022_upec_evolution/fastq/SRR13227732,SRR13227732,SRR13227732,Ecoli_ASM584,0
/orcd/nese/tami/001/raw_data/public_data/thanert_2022_upec_evolution/fastq/SRR13227731,SRR13227731,SRR13227731,Ecoli_ASM584,0
/orcd/nese/tami/001/raw_data/public_data/thanert_2022_upec_evolution/fastq/SRR13227730,SRR13227730,SRR13227730,Ecoli_ASM584,0
/orcd/nese/tami/001/raw_data/public_data/thanert_2022_upec_evolution/fastq/SRR13227729,SRR13227729,SRR13227729,Ecoli_ASM584,0
/orcd/nese/tami/001/raw_data/public_data/thanert_2022_upec_evolution/fastq/SRR13227728,SRR13227728,SRR13227728,Ecoli_ASM584,0
/orcd/nese/tami/001/raw_data/public_data/thanert_2022_upec_evolution/fastq/SRR13227727,SRR13227727,SRR13227727,Ecoli_ASM584,0
/orcd/nese/tami/001/raw_data/public_data/thanert_2022_upec_evolution/fastq/SRR13227725,SRR13227725,SRR13227725,Ecoli_ASM584,0
/orcd/nese/tami/001/raw_data/public_data/thanert_2022_upec_evolution/fastq/SRR13227652,SRR13227652,SRR13227652,Ecoli_ASM584,0
/orcd/nese/tami/001/raw_data/public_data/thanert_2022_upec_evolution/fastq/SRR13227651,SRR13227651,SRR13227651,Ecoli_ASM584,0
/orcd/nese/tami/001/raw_data/public_data/thanert_2022_upec_evolution/fastq/SRR13227650,SRR13227650,SRR13227650,Ecoli_ASM584,0
/orcd/nese/tami/001/raw_data/public_data/thanert_2022_upec_evolution/fastq/SRR13227648,SRR13227648,SRR13227648,Ecoli_ASM584,0
/orcd/nese/tami/001/raw_data/public_data/thanert_2022_upec_evolution/fastq/SRR13227647,SRR13227647,SRR13227647,Ecoli_ASM584,0
/orcd/nese/tami/001/raw_data/public_data/thanert_2022_upec_evolution/fastq/SRR13227646,SRR13227646,SRR13227646,Ecoli_ASM584,0
/orcd/nese/tami/001/raw_data/public_data/thanert_2022_upec_evolution/fastq/SRR13227645,SRR13227645,SRR13227645,Ecoli_ASM584,0
/orcd/nese/tami/001/raw_data/public_data/thanert_2022_upec_evolution/fastq/SRR13227644,SRR13227644,SRR13227644,Ecoli_ASM584,0
/orcd/nese/tami/001/raw_data/public_data/thanert_2022_upec_evolution/fastq/SRR13227643,SRR13227643,SRR13227643,Ecoli_ASM584,0
/orcd/nese/tami/001/raw_data/public_data/thanert_2022_upec_evolution/fastq/SRR13227642,SRR13227642,SRR13227642,Ecoli_ASM584,0
/orcd/nese/tami/001/raw_data/public_data/thanert_2022_upec_evolution/fastq/SRR13227641,SRR13227641,SRR13227641,Ecoli_ASM584,0
/orcd/nese/tami/001/raw_data/public_data/thanert_2022_upec_evolution/fastq/SRR13227639,SRR13227639,SRR13227639,Ecoli_ASM584,0
/orcd/nese/tami/001/raw_data/public_data/thanert_2022_upec_evolution/fastq/SRR13227640,SRR13227640,SRR13227640,Ecoli_ASM584,0
/orcd/nese/tami/001/raw_data/public_data/thanert_2022_upec_evolution/fastq/SRR13227637,SRR13227637,SRR13227637,Ecoli_ASM584,0
/orcd/nese/tami/001/raw_data/public_data/thanert_2022_upec_evolution/fastq/SRR13227636,SRR13227636,SRR13227636,Ecoli_ASM584,0
/orcd/nese/tami/001/raw_data/public_data/thanert_2022_upec_evolution/fastq/SRR13227635,SRR13227635,SRR13227635,Ecoli_ASM584,0
/orcd/nese/tami/001/raw_data/public_data/thanert_2022_upec_evolution/fastq/SRR13227634,SRR13227634,SRR13227634,Ecoli_ASM584,0
/orcd/nese/tami/001/raw_data/public_data/thanert_2022_upec_evolution/fastq/SRR13227633,SRR13227633,SRR13227633,Ecoli_ASM584,0
/orcd/nese/tami/001/raw_data/public_data/thanert_2022_upec_evolution/fastq/SRR13227632,SRR13227632,SRR13227632,Ecoli_ASM584,0
/orcd/nese/tami/001/raw_data/public_data/thanert_2022_upec_evolution/fastq/SRR13227631,SRR13227631,SRR13227631,Ecoli_ASM584,0
/orcd/nese/tami/001/raw_data/public_data/thanert_2022_upec_evolution/fastq/SRR13227630,SRR13227630,SRR13227630,Ecoli_ASM584,0
/orcd/nese/tami/001/raw_data/public_data/thanert_2022_upec_evolution/fastq/SRR13227629,SRR13227629,SRR13227629,Ecoli_ASM584,0
/orcd/nese/tami/001/raw_data/public_data/thanert_2022_upec_evolution/fastq/SRR13227628,SRR13227628,SRR13227628,Ecoli_ASM584,0
/orcd/nese/tami/001/raw_data/public_data/thanert_2022_upec_evolution/fastq/SRR13227625,SRR13227625,SRR13227625,Ecoli_ASM584,0
/orcd/nese/tami/001/raw_data/public_data/thanert_2022_upec_evolution/fastq/SRR13227626,SRR13227626,SRR13227626,Ecoli_ASM584,0
/orcd/nese/tami/001/raw_data/public_data/thanert_2022_upec_evolution/fastq/SRR13227624,SRR13227624,SRR13227624,Ecoli_ASM584,0
/orcd/nese/tami/001/raw_data/public_data/thanert_2022_upec_evolution/fastq/SRR13227623,SRR13227623,SRR13227623,Ecoli_ASM584,0
/orcd/nese/tami/001/raw_data/public_data/thanert_2022_upec_evolution/fastq/SRR13227622,SRR13227622,SRR13227622,Ecoli_ASM584,0
/orcd/nese/tami/001/raw_data/public_data/thanert_2022_upec_evolution/fastq/SRR13227621,SRR13227621,SRR13227621,Ecoli_ASM584,0
/orcd/nese/tami/001/raw_data/public_data/thanert_2022_upec_evolution/fastq/SRR13227620,SRR13227620,SRR13227620,Ecoli_ASM584,0
/orcd/nese/tami/001/raw_data/public_data/thanert_2022_upec_evolution/fastq/SRR13227618,SRR13227618,SRR13227618,Ecoli_ASM584,0
/orcd/nese/tami/001/raw_data/public_data/thanert_2022_upec_evolution/fastq/SRR13227617,SRR13227617,SRR13227617,Ecoli_ASM584,0
/orcd/nese/tami/001/raw_data/public_data/thanert_2022_upec_evolution/fastq/SRR13227619,SRR13227619,SRR13227619,Ecoli_ASM584,0
/orcd/nese/tami/001/raw_data/public_data/thanert_2022_upec_evolution/fastq/SRR13227614,SRR13227614,SRR13227614,Ecoli_ASM584,0
/orcd/nese/tami/001/raw_data/public_data/thanert_2022_upec_evolution/fastq/SRR13227613,SRR13227613,SRR13227613,Ecoli_ASM584,0
/orcd/nese/tami/001/raw_data/public_data/thanert_2022_upec_evolution/fastq/SRR13227615,SRR13227615,SRR13227615,Ecoli_ASM584,0
/orcd/nese/tami/001/raw_data/public_data/thanert_2022_upec_evolution/fastq/SRR13227612,SRR13227612,SRR13227612,Ecoli_ASM584,0
/orcd/nese/tami/001/raw_data/public_data/thanert_2022_upec_evolution/fastq/SRR13227611,SRR13227611,SRR13227611,Ecoli_ASM584,0
/orcd/nese/tami/001/raw_data/public_data/thanert_2022_upec_evolution/fastq/SRR13227610,SRR13227610,SRR13227610,Ecoli_ASM584,0
/orcd/nese/tami/001/raw_data/public_data/thanert_2022_upec_evolution/fastq/SRR13227609,SRR13227609,SRR13227609,Ecoli_ASM584,0
/orcd/nese/tami/001/raw_data/public_data/thanert_2022_upec_evolution/fastq/SRR13227608,SRR13227608,SRR13227608,Ecoli_ASM584,0
/orcd/nese/tami/001/raw_data/public_data/thanert_2022_upec_evolution/fastq/SRR13227607,SRR13227607,SRR13227607,Ecoli_ASM584,0
/orcd/nese/tami/001/raw_data/public_data/thanert_2022_upec_evolution/fastq/SRR13227606,SRR13227606,SRR13227606,Ecoli_ASM584,0
/orcd/nese/tami/001/raw_data/public_data/thanert_2022_upec_evolution/fastq/SRR13227602,SRR13227602,SRR13227602,Ecoli_ASM584,0
/orcd/nese/tami/001/raw_data/public_data/thanert_2022_upec_evolution/fastq/SRR13227601,SRR13227601,SRR13227601,Ecoli_ASM584,0
/orcd/nese/tami/001/raw_data/public_data/thanert_2022_upec_evolution/fastq/SRR13227600,SRR13227600,SRR13227600,Ecoli_ASM584,0
/orcd/nese/tami/001/raw_data/public_data/thanert_2022_upec_evolution/fastq/SRR13227599,SRR13227599,SRR13227599,Ecoli_ASM584,0
/orcd/nese/tami/001/raw_data/public_data/thanert_2022_upec_evolution/fastq/SRR13227604,SRR13227604,SRR13227604,Ecoli_ASM584,0
/orcd/nese/tami/001/raw_data/public_data/thanert_2022_upec_evolution/fastq/SRR13227603,SRR13227603,SRR13227603,Ecoli_ASM584,0
/orcd/nese/tami/001/raw_data/public_data/thanert_2022_upec_evolution/fastq/SRR13227596,SRR13227596,SRR13227596,Ecoli_ASM584,0
/orcd/nese/tami/001/raw_data/public_data/thanert_2022_upec_evolution/fastq/SRR13227595,SRR13227595,SRR13227595,Ecoli_ASM584,0
/orcd/nese/tami/001/raw_data/public_data/thanert_2022_upec_evolution/fastq/SRR13227593,SRR13227593,SRR13227593,Ecoli_ASM584,0
/orcd/nese/tami/001/raw_data/public_data/thanert_2022_upec_evolution/fastq/SRR13227592,SRR13227592,SRR13227592,Ecoli_ASM584,0
/orcd/nese/tami/001/raw_data/public_data/thanert_2022_upec_evolution/fastq/SRR13227598,SRR13227598,SRR13227598,Ecoli_ASM584,0
/orcd/nese/tami/001/raw_data/public_data/thanert_2022_upec_evolution/fastq/SRR13227597,SRR13227597,SRR13227597,Ecoli_ASM584,0
/orcd/nese/tami/001/raw_data/public_data/thanert_2022_upec_evolution/fastq/SRR13227589,SRR13227589,SRR13227589,Ecoli_ASM584,0
/orcd/nese/tami/001/raw_data/public_data/thanert_2022_upec_evolution/fastq/SRR13227588,SRR13227588,SRR13227588,Ecoli_ASM584,0
/orcd/nese/tami/001/raw_data/public_data/thanert_2022_upec_evolution/fastq/SRR13227591,SRR13227591,SRR13227591,Ecoli_ASM584,0
/orcd/nese/tami/001/raw_data/public_data/thanert_2022_upec_evolution/fastq/SRR13227590,SRR13227590,SRR13227590,Ecoli_ASM584,0
/orcd/nese/tami/001/raw_data/public_data/thanert_2022_upec_evolution/fastq/SRR13227587,SRR13227587,SRR13227587,Ecoli_ASM584,0
/orcd/nese/tami/001/raw_data/public_data/thanert_2022_upec_evolution/fastq/SRR13227586,SRR13227586,SRR13227586,Ecoli_ASM584,0
/orcd/nese/tami/001/raw_data/public_data/thanert_2022_upec_evolution/fastq/SRR13227585,SRR13227585,SRR13227585,Ecoli_ASM584,0
/orcd/nese/tami/001/raw_data/public_data/thanert_2022_upec_evolution/fastq/SRR13227584,SRR13227584,SRR13227584,Ecoli_ASM584,0
/orcd/nese/tami/001/raw_data/public_data/thanert_2022_upec_evolution/fastq/SRR13227582,SRR13227582,SRR13227582,Ecoli_ASM584,0
/orcd/nese/tami/001/raw_data/public_data/thanert_2022_upec_evolution/fastq/SRR13227581,SRR13227581,SRR13227581,Ecoli_ASM584,0
/orcd/nese/tami/001/raw_data/public_data/thanert_2022_upec_evolution/fastq/SRR13227580,SRR13227580,SRR13227580,Ecoli_ASM584,0
/orcd/nese/tami/001/raw_data/public_data/thanert_2022_upec_evolution/fastq/SRR13227579,SRR13227579,SRR13227579,Ecoli_ASM584,0
/orcd/nese/tami/001/raw_data/public_data/thanert_2022_upec_evolution/fastq/SRR13227578,SRR13227578,SRR13227578,Ecoli_ASM584,0
/orcd/nese/tami/001/raw_data/public_data/thanert_2022_upec_evolution/fastq/SRR13227575,SRR13227575,SRR13227575,Ecoli_ASM584,0
/orcd/nese/tami/001/raw_data/public_data/thanert_2022_upec_evolution/fastq/SRR13227574,SRR13227574,SRR13227574,Ecoli_ASM584,0
/orcd/nese/tami/001/raw_data/public_data/thanert_2022_upec_evolution/fastq/SRR13227577,SRR13227577,SRR13227577,Ecoli_ASM584,0
/orcd/nese/tami/001/raw_data/public_data/thanert_2022_upec_evolution/fastq/SRR13227576,SRR13227576,SRR13227576,Ecoli_ASM584,0
/orcd/nese/tami/001/raw_data/public_data/thanert_2022_upec_evolution/fastq/SRR13227573,SRR13227573,SRR13227573,Ecoli_ASM584,0
/orcd/nese/tami/001/raw_data/public_data/thanert_2022_upec_evolution/fastq/SRR13227571,SRR13227571,SRR13227571,Ecoli_ASM584,0
/orcd/nese/tami/001/raw_data/public_data/thanert_2022_upec_evolution/fastq/SRR13227570,SRR13227570,SRR13227570,Ecoli_ASM584,0
/orcd/nese/tami/001/raw_data/public_data/thanert_2022_upec_evolution/fastq/SRR13227567,SRR13227567,SRR13227567,Ecoli_ASM584,0
/orcd/nese/tami/001/raw_data/public_data/thanert_2022_upec_evolution/fastq/SRR13227566,SRR13227566,SRR13227566,Ecoli_ASM584,0
/orcd/nese/tami/001/raw_data/public_data/thanert_2022_upec_evolution/fastq/SRR13227569,SRR13227569,SRR13227569,Ecoli_ASM584,0
/orcd/nese/tami/001/raw_data/public_data/thanert_2022_upec_evolution/fastq/SRR13227568,SRR13227568,SRR13227568,Ecoli_ASM584,0
/orcd/nese/tami/001/raw_data/public_data/thanert_2022_upec_evolution/fastq/SRR13227565,SRR13227565,SRR13227565,Ecoli_ASM584,0
/orcd/nese/tami/001/raw_data/public_data/thanert_2022_upec_evolution/fastq/SRR13227564,SRR13227564,SRR13227564,Ecoli_ASM584,0
/orcd/nese/tami/001/raw_data/public_data/thanert_2022_upec_evolution/fastq/SRR13227563,SRR13227563,SRR13227563,Ecoli_ASM584,0
/orcd/nese/tami/001/raw_data/public_data/thanert_2022_upec_evolution/fastq/SRR13227558,SRR13227558,SRR13227558,Ecoli_ASM584,0
/orcd/nese/tami/001/raw_data/public_data/thanert_2022_upec_evolution/fastq/SRR13227525,SRR13227525,SRR13227525,Ecoli_ASM584,0
/orcd/nese/tami/001/raw_data/public_data/thanert_2022_upec_evolution/fastq/SRR13227562,SRR13227562,SRR13227562,Ecoli_ASM584,0
/orcd/nese/tami/001/raw_data/public_data/thanert_2022_upec_evolution/fastq/SRR13227559,SRR13227559,SRR13227559,Ecoli_ASM584,0
/orcd/nese/tami/001/raw_data/public_data/thanert_2022_upec_evolution/fastq/SRR13227524,SRR13227524,SRR13227524,Ecoli_ASM584,0
/orcd/nese/tami/001/raw_data/public_data/thanert_2022_upec_evolution/fastq/SRR13227523,SRR13227523,SRR13227523,Ecoli_ASM584,0
/orcd/nese/tami/001/raw_data/public_data/thanert_2022_upec_evolution/fastq/SRR13227522,SRR13227522,SRR13227522,Ecoli_ASM584,0
/orcd/nese/tami/001/raw_data/public_data/thanert_2022_upec_evolution/fastq/SRR13227521,SRR13227521,SRR13227521,Ecoli_ASM584,0
/orcd/nese/tami/001/raw_data/public_data/thanert_2022_upec_evolution/fastq/SRR13227520,SRR13227520,SRR13227520,Ecoli_ASM584,0
/orcd/nese/tami/001/raw_data/public_data/thanert_2022_upec_evolution/fastq/SRR13227519,SRR13227519,SRR13227519,Ecoli_ASM584,0
/orcd/nese/tami/001/raw_data/public_data/thanert_2022_upec_evolution/fastq/SRR13227518,SRR13227518,SRR13227518,Ecoli_ASM584,0
/orcd/nese/tami/001/raw_data/public_data/thanert_2022_upec_evolution/fastq/SRR13227516,SRR13227516,SRR13227516,Ecoli_ASM584,0
/orcd/nese/tami/001/raw_data/public_data/thanert_2022_upec_evolution/fastq/SRR13227515,SRR13227515,SRR13227515,Ecoli_ASM584,0
/orcd/nese/tami/001/raw_data/public_data/thanert_2022_upec_evolution/fastq/SRR13227514,SRR13227514,SRR13227514,Ecoli_ASM584,0
/orcd/nese/tami/001/raw_data/public_data/thanert_2022_upec_evolution/fastq/SRR13227513,SRR13227513,SRR13227513,Ecoli_ASM584,0
/orcd/nese/tami/001/raw_data/public_data/thanert_2022_upec_evolution/fastq/SRR13227512,SRR13227512,SRR13227512,Ecoli_ASM584,0
/orcd/nese/tami/001/raw_data/public_data/thanert_2022_upec_evolution/fastq/SRR13227511,SRR13227511,SRR13227511,Ecoli_ASM584,0
/orcd/nese/tami/001/raw_data/public_data/thanert_2022_upec_evolution/fastq/SRR13227510,SRR13227510,SRR13227510,Ecoli_ASM584,0
/orcd/nese/tami/001/raw_data/public_data/thanert_2022_upec_evolution/fastq/SRR13227509,SRR13227509,SRR13227509,Ecoli_ASM584,0
/orcd/nese/tami/001/raw_data/public_data/thanert_2022_upec_evolution/fastq/SRR13227508,SRR13227508,SRR13227508,Ecoli_ASM584,0
/orcd/nese/tami/001/raw_data/public_data/thanert_2022_upec_evolution/fastq/SRR13227505,SRR13227505,SRR13227505,Ecoli_ASM584,0
/orcd/nese/tami/001/raw_data/public_data/thanert_2022_upec_evolution/fastq/SRR13227504,SRR13227504,SRR13227504,Ecoli_ASM584,0
/orcd/nese/tami/001/raw_data/public_data/thanert_2022_upec_evolution/fastq/SRR13227507,SRR13227507,SRR13227507,Ecoli_ASM584,0
/orcd/nese/tami/001/raw_data/public_data/thanert_2022_upec_evolution/fastq/SRR13227503,SRR13227503,SRR13227503,Ecoli_ASM584,0
/orcd/nese/tami/001/raw_data/public_data/thanert_2022_upec_evolution/fastq/SRR13227502,SRR13227502,SRR13227502,Ecoli_ASM584,0
/orcd/nese/tami/001/raw_data/public_data/thanert_2022_upec_evolution/fastq/SRR13227501,SRR13227501,SRR13227501,Ecoli_ASM584,0
/orcd/nese/tami/001/raw_data/public_data/thanert_2022_upec_evolution/fastq/SRR13227500,SRR13227500,SRR13227500,Ecoli_ASM584,0
/orcd/nese/tami/001/raw_data/public_data/thanert_2022_upec_evolution/fastq/SRR13227498,SRR13227498,SRR13227498,Ecoli_ASM584,0
/orcd/nese/tami/001/raw_data/public_data/thanert_2022_upec_evolution/fastq/SRR13227499,SRR13227499,SRR13227499,Ecoli_ASM584,0
/orcd/nese/tami/001/raw_data/public_data/thanert_2022_upec_evolution/fastq/SRR13227497,SRR13227497,SRR13227497,Ecoli_ASM584,0
/orcd/nese/tami/001/raw_data/public_data/thanert_2022_upec_evolution/fastq/SRR13227494,SRR13227494,SRR13227494,Ecoli_ASM584,0
/orcd/nese/tami/001/raw_data/public_data/thanert_2022_upec_evolution/fastq/SRR13227496,SRR13227496,SRR13227496,Ecoli_ASM584,0
/orcd/nese/tami/001/raw_data/public_data/thanert_2022_upec_evolution/fastq/SRR13227493,SRR13227493,SRR13227493,Ecoli_ASM584,0
/orcd/nese/tami/001/raw_data/public_data/thanert_2022_upec_evolution/fastq/SRR13227492,SRR13227492,SRR13227492,Ecoli_ASM584,0
/orcd/nese/tami/001/raw_data/public_data/thanert_2022_upec_evolution/fastq/SRR13227491,SRR13227491,SRR13227491,Ecoli_ASM584,0
/orcd/nese/tami/001/raw_data/public_data/thanert_2022_upec_evolution/fastq/SRR13227490,SRR13227490,SRR13227490,Ecoli_ASM584,0
/orcd/nese/tami/001/raw_data/public_data/thanert_2022_upec_evolution/fastq/SRR13227489,SRR13227489,SRR13227489,Ecoli_ASM584,0
/orcd/nese/tami/001/raw_data/public_data/thanert_2022_upec_evolution/fastq/SRR13227488,SRR13227488,SRR13227488,Ecoli_ASM584,0
/orcd/nese/tami/001/raw_data/public_data/thanert_2022_upec_evolution/fastq/SRR13227487,SRR13227487,SRR13227487,Ecoli_ASM584,0
/orcd/nese/tami/001/raw_data/public_data/thanert_2022_upec_evolution/fastq/SRR13227486,SRR13227486,SRR13227486,Ecoli_ASM584,0
/orcd/nese/tami/001/raw_data/public_data/thanert_2022_upec_evolution/fastq/SRR13227485,SRR13227485,SRR13227485,Ecoli_ASM584,0
/orcd/nese/tami/001/raw_data/public_data/thanert_2022_upec_evolution/fastq/SRR13227483,SRR13227483,SRR13227483,Ecoli_ASM584,0
/orcd/nese/tami/001/raw_data/public_data/thanert_2022_upec_evolution/fastq/SRR13227482,SRR13227482,SRR13227482,Ecoli_ASM584,0
/orcd/nese/tami/001/raw_data/public_data/thanert_2022_upec_evolution/fastq/SRR13227481,SRR13227481,SRR13227481,Ecoli_ASM584,0
/orcd/nese/tami/001/raw_data/public_data/thanert_2022_upec_evolution/fastq/SRR13227479,SRR13227479,SRR13227479,Ecoli_ASM584,0
/orcd/nese/tami/001/raw_data/public_data/thanert_2022_upec_evolution/fastq/SRR13227480,SRR13227480,SRR13227480,Ecoli_ASM584,0
/orcd/nese/tami/001/raw_data/public_data/thanert_2022_upec_evolution/fastq/SRR13227478,SRR13227478,SRR13227478,Ecoli_ASM584,0
/orcd/nese/tami/001/raw_data/public_data/thanert_2022_upec_evolution/fastq/SRR13227477,SRR13227477,SRR13227477,Ecoli_ASM584,0
/orcd/nese/tami/001/raw_data/public_data/thanert_2022_upec_evolution/fastq/SRR13227476,SRR13227476,SRR13227476,Ecoli_ASM584,0
/orcd/nese/tami/001/raw_data/public_data/thanert_2022_upec_evolution/fastq/SRR13227475,SRR13227475,SRR13227475,Ecoli_ASM584,0
/orcd/nese/tami/001/raw_data/public_data/thanert_2022_upec_evolution/fastq/SRR13227474,SRR13227474,SRR13227474,Ecoli_ASM584,0
/orcd/nese/tami/001/raw_data/public_data/thanert_2022_upec_evolution/fastq/SRR13227472,SRR13227472,SRR13227472,Ecoli_ASM584,0
/orcd/nese/tami/001/raw_data/public_data/thanert_2022_upec_evolution/fastq/SRR13227471,SRR13227471,SRR13227471,Ecoli_ASM584,0
/orcd/nese/tami/001/raw_data/public_data/thanert_2022_upec_evolution/fastq/SRR13227470,SRR13227470,SRR13227470,Ecoli_ASM584,0
/orcd/nese/tami/001/raw_data/public_data/thanert_2022_upec_evolution/fastq/SRR13227469,SRR13227469,SRR13227469,Ecoli_ASM584,0
/orcd/nese/tami/001/raw_data/public_data/thanert_2022_upec_evolution/fastq/SRR13227468,SRR13227468,SRR13227468,Ecoli_ASM584,0
/orcd/nese/tami/001/raw_data/public_data/thanert_2022_upec_evolution/fastq/SRR13227467,SRR13227467,SRR13227467,Ecoli_ASM584,0
/orcd/nese/tami/001/raw_data/public_data/thanert_2022_upec_evolution/fastq/SRR13227466,SRR13227466,SRR13227466,Ecoli_ASM584,0
/orcd/nese/tami/001/raw_data/public_data/thanert_2022_upec_evolution/fastq/SRR13227465,SRR13227465,SRR13227465,Ecoli_ASM584,0
/orcd/nese/tami/001/raw_data/public_data/thanert_2022_upec_evolution/fastq/SRR13227464,SRR13227464,SRR13227464,Ecoli_ASM584,0
/orcd/nese/tami/001/raw_data/public_data/thanert_2022_upec_evolution/fastq/SRR13227463,SRR13227463,SRR13227463,Ecoli_ASM584,0
/orcd/nese/tami/001/raw_data/public_data/thanert_2022_upec_evolution/fastq/SRR13228333,SRR13228333,SRR13228333,Ecoli_ASM584,0
/orcd/nese/tami/001/raw_data/public_data/thanert_2022_upec_evolution/fastq/SRR13228332,SRR13228332,SRR13228332,Ecoli_ASM584,0
/orcd/nese/tami/001/raw_data/public_data/thanert_2022_upec_evolution/fastq/SRR13228331,SRR13228331,SRR13228331,Ecoli_ASM584,0
/orcd/nese/tami/001/raw_data/public_data/thanert_2022_upec_evolution/fastq/SRR13228330,SRR13228330,SRR13228330,Ecoli_ASM584,0
/orcd/nese/tami/001/raw_data/public_data/thanert_2022_upec_evolution/fastq/SRR13228329,SRR13228329,SRR13228329,Ecoli_ASM584,0
/orcd/nese/tami/001/raw_data/public_data/thanert_2022_upec_evolution/fastq/SRR13228328,SRR13228328,SRR13228328,Ecoli_ASM584,0
/orcd/nese/tami/001/raw_data/public_data/thanert_2022_upec_evolution/fastq/SRR13228327,SRR13228327,SRR13228327,Ecoli_ASM584,0
/orcd/nese/tami/001/raw_data/public_data/thanert_2022_upec_evolution/fastq/SRR13228326,SRR13228326,SRR13228326,Ecoli_ASM584,0
/orcd/nese/tami/001/raw_data/public_data/thanert_2022_upec_evolution/fastq/SRR13228325,SRR13228325,SRR13228325,Ecoli_ASM584,0
/orcd/nese/tami/001/raw_data/public_data/thanert_2022_upec_evolution/fastq/SRR13228324,SRR13228324,SRR13228324,Ecoli_ASM584,0
/orcd/nese/tami/001/raw_data/public_data/thanert_2022_upec_evolution/fastq/SRR13228322,SRR13228322,SRR13228322,Ecoli_ASM584,0
/orcd/nese/tami/001/raw_data/public_data/thanert_2022_upec_evolution/fastq/SRR13228321,SRR13228321,SRR13228321,Ecoli_ASM584,0
/orcd/nese/tami/001/raw_data/public_data/thanert_2022_upec_evolution/fastq/SRR13228320,SRR13228320,SRR13228320,Ecoli_ASM584,0
/orcd/nese/tami/001/raw_data/public_data/thanert_2022_upec_evolution/fastq/SRR13228319,SRR13228319,SRR13228319,Ecoli_ASM584,0
/orcd/nese/tami/001/raw_data/public_data/thanert_2022_upec_evolution/fastq/SRR13228318,SRR13228318,SRR13228318,Ecoli_ASM584,0
/orcd/nese/tami/001/raw_data/public_data/thanert_2022_upec_evolution/fastq/SRR13228317,SRR13228317,SRR13228317,Ecoli_ASM584,0
/orcd/nese/tami/001/raw_data/public_data/thanert_2022_upec_evolution/fastq/SRR13228316,SRR13228316,SRR13228316,Ecoli_ASM584,0
/orcd/nese/tami/001/raw_data/public_data/thanert_2022_upec_evolution/fastq/SRR13228315,SRR13228315,SRR13228315,Ecoli_ASM584,0
/orcd/nese/tami/001/raw_data/public_data/thanert_2022_upec_evolution/fastq/SRR13228314,SRR13228314,SRR13228314,Ecoli_ASM584,0
/orcd/nese/tami/001/raw_data/public_data/thanert_2022_upec_evolution/fastq/SRR13228313,SRR13228313,SRR13228313,Ecoli_ASM584,0
/orcd/nese/tami/001/raw_data/public_data/thanert_2022_upec_evolution/fastq/SRR13228311,SRR13228311,SRR13228311,Ecoli_ASM584,0
/orcd/nese/tami/001/raw_data/public_data/thanert_2022_upec_evolution/fastq/SRR13228310,SRR13228310,SRR13228310,Ecoli_ASM584,0
/orcd/nese/tami/001/raw_data/public_data/thanert_2022_upec_evolution/fastq/SRR13228309,SRR13228309,SRR13228309,Ecoli_ASM584,0
/orcd/nese/tami/001/raw_data/public_data/thanert_2022_upec_evolution/fastq/SRR13228308,SRR13228308,SRR13228308,Ecoli_ASM584,0
/orcd/nese/tami/001/raw_data/public_data/thanert_2022_upec_evolution/fastq/SRR13228307,SRR13228307,SRR13228307,Ecoli_ASM584,0
/orcd/nese/tami/001/raw_data/public_data/thanert_2022_upec_evolution/fastq/SRR13228306,SRR13228306,SRR13228306,Ecoli_ASM584,0
/orcd/nese/tami/001/raw_data/public_data/thanert_2022_upec_evolution/fastq/SRR13228303,SRR13228303,SRR13228303,Ecoli_ASM584,0
/orcd/nese/tami/001/raw_data/public_data/thanert_2022_upec_evolution/fastq/SRR13228304,SRR13228304,SRR13228304,Ecoli_ASM584,0
/orcd/nese/tami/001/raw_data/public_data/thanert_2022_upec_evolution/fastq/SRR13228305,SRR13228305,SRR13228305,Ecoli_ASM584,0
/orcd/nese/tami/001/raw_data/public_data/thanert_2022_upec_evolution/fastq/SRR13228302,SRR13228302,SRR13228302,Ecoli_ASM584,0
/orcd/nese/tami/001/raw_data/public_data/thanert_2022_upec_evolution/fastq/SRR13228300,SRR13228300,SRR13228300,Ecoli_ASM584,0
/orcd/nese/tami/001/raw_data/public_data/thanert_2022_upec_evolution/fastq/SRR13228299,SRR13228299,SRR13228299,Ecoli_ASM584,0
/orcd/nese/tami/001/raw_data/public_data/thanert_2022_upec_evolution/fastq/SRR13228298,SRR13228298,SRR13228298,Ecoli_ASM584,0
/orcd/nese/tami/001/raw_data/public_data/thanert_2022_upec_evolution/fastq/SRR13228297,SRR13228297,SRR13228297,Ecoli_ASM584,0
/orcd/nese/tami/001/raw_data/public_data/thanert_2022_upec_evolution/fastq/SRR13228296,SRR13228296,SRR13228296,Ecoli_ASM584,0
/orcd/nese/tami/001/raw_data/public_data/thanert_2022_upec_evolution/fastq/SRR13228295,SRR13228295,SRR13228295,Ecoli_ASM584,0
/orcd/nese/tami/001/raw_data/public_data/thanert_2022_upec_evolution/fastq/SRR13228294,SRR13228294,SRR13228294,Ecoli_ASM584,0
/orcd/nese/tami/001/raw_data/public_data/thanert_2022_upec_evolution/fastq/SRR13228293,SRR13228293,SRR13228293,Ecoli_ASM584,0
/orcd/nese/tami/001/raw_data/public_data/thanert_2022_upec_evolution/fastq/SRR13228292,SRR13228292,SRR13228292,Ecoli_ASM584,0
/orcd/nese/tami/001/raw_data/public_data/thanert_2022_upec_evolution/fastq/SRR13228291,SRR13228291,SRR13228291,Ecoli_ASM584,0
/orcd/nese/tami/001/raw_data/public_data/thanert_2022_upec_evolution/fastq/SRR13228288,SRR13228288,SRR13228288,Ecoli_ASM584,0
/orcd/nese/tami/001/raw_data/public_data/thanert_2022_upec_evolution/fastq/SRR13228287,SRR13228287,SRR13228287,Ecoli_ASM584,0
/orcd/nese/tami/001/raw_data/public_data/thanert_2022_upec_evolution/fastq/SRR13228286,SRR13228286,SRR13228286,Ecoli_ASM584,0
/orcd/nese/tami/001/raw_data/public_data/thanert_2022_upec_evolution/fastq/SRR13228285,SRR13228285,SRR13228285,Ecoli_ASM584,0
/orcd/nese/tami/001/raw_data/public_data/thanert_2022_upec_evolution/fastq/SRR13228284,SRR13228284,SRR13228284,Ecoli_ASM584,0
/orcd/nese/tami/001/raw_data/public_data/thanert_2022_upec_evolution/fastq/SRR13228283,SRR13228283,SRR13228283,Ecoli_ASM584,0
/orcd/nese/tami/001/raw_data/public_data/thanert_2022_upec_evolution/fastq/SRR13228282,SRR13228282,SRR13228282,Ecoli_ASM584,0
/orcd/nese/tami/001/raw_data/public_data/thanert_2022_upec_evolution/fastq/SRR13228281,SRR13228281,SRR13228281,Ecoli_ASM584,0
/orcd/nese/tami/001/raw_data/public_data/thanert_2022_upec_evolution/fastq/SRR13228280,SRR13228280,SRR13228280,Ecoli_ASM584,0
/orcd/nese/tami/001/raw_data/public_data/thanert_2022_upec_evolution/fastq/SRR13228279,SRR13228279,SRR13228279,Ecoli_ASM584,0
/orcd/nese/tami/001/raw_data/public_data/thanert_2022_upec_evolution/fastq/SRR13228277,SRR13228277,SRR13228277,Ecoli_ASM584,0
/orcd/nese/tami/001/raw_data/public_data/thanert_2022_upec_evolution/fastq/SRR13228276,SRR13228276,SRR13228276,Ecoli_ASM584,0
/orcd/nese/tami/001/raw_data/public_data/thanert_2022_upec_evolution/fastq/SRR13228275,SRR13228275,SRR13228275,Ecoli_ASM584,0
/orcd/nese/tami/001/raw_data/public_data/thanert_2022_upec_evolution/fastq/SRR13228274,SRR13228274,SRR13228274,Ecoli_ASM584,0
/orcd/nese/tami/001/raw_data/public_data/thanert_2022_upec_evolution/fastq/SRR13228273,SRR13228273,SRR13228273,Ecoli_ASM584,0
/orcd/nese/tami/001/raw_data/public_data/thanert_2022_upec_evolution/fastq/SRR13228272,SRR13228272,SRR13228272,Ecoli_ASM584,0
/orcd/nese/tami/001/raw_data/public_data/thanert_2022_upec_evolution/fastq/SRR13228271,SRR13228271,SRR13228271,Ecoli_ASM584,0
/orcd/nese/tami/001/raw_data/public_data/thanert_2022_upec_evolution/fastq/SRR13228270,SRR13228270,SRR13228270,Ecoli_ASM584,0
/orcd/nese/tami/001/raw_data/public_data/thanert_2022_upec_evolution/fastq/SRR13228237,SRR13228237,SRR13228237,Ecoli_ASM584,0
/orcd/nese/tami/001/raw_data/public_data/thanert_2022_upec_evolution/fastq/SRR13228236,SRR13228236,SRR13228236,Ecoli_ASM584,0
/orcd/nese/tami/001/raw_data/public_data/thanert_2022_upec_evolution/fastq/SRR13228234,SRR13228234,SRR13228234,Ecoli_ASM584,0
/orcd/nese/tami/001/raw_data/public_data/thanert_2022_upec_evolution/fastq/SRR13228233,SRR13228233,SRR13228233,Ecoli_ASM584,0
/orcd/nese/tami/001/raw_data/public_data/thanert_2022_upec_evolution/fastq/SRR13228232,SRR13228232,SRR13228232,Ecoli_ASM584,0
/orcd/nese/tami/001/raw_data/public_data/thanert_2022_upec_evolution/fastq/SRR13228231,SRR13228231,SRR13228231,Ecoli_ASM584,0
/orcd/nese/tami/001/raw_data/public_data/thanert_2022_upec_evolution/fastq/SRR13228230,SRR13228230,SRR13228230,Ecoli_ASM584,0
/orcd/nese/tami/001/raw_data/public_data/thanert_2022_upec_evolution/fastq/SRR13228229,SRR13228229,SRR13228229,Ecoli_ASM584,0
/orcd/nese/tami/001/raw_data/public_data/thanert_2022_upec_evolution/fastq/SRR13228228,SRR13228228,SRR13228228,Ecoli_ASM584,0
/orcd/nese/tami/001/raw_data/public_data/thanert_2022_upec_evolution/fastq/SRR13228227,SRR13228227,SRR13228227,Ecoli_ASM584,0
/orcd/nese/tami/001/raw_data/public_data/thanert_2022_upec_evolution/fastq/SRR13228226,SRR13228226,SRR13228226,Ecoli_ASM584,0
/orcd/nese/tami/001/raw_data/public_data/thanert_2022_upec_evolution/fastq/SRR13228225,SRR13228225,SRR13228225,Ecoli_ASM584,0
/orcd/nese/tami/001/raw_data/public_data/thanert_2022_upec_evolution/fastq/SRR13228223,SRR13228223,SRR13228223,Ecoli_ASM584,0
/orcd/nese/tami/001/raw_data/public_data/thanert_2022_upec_evolution/fastq/SRR13228222,SRR13228222,SRR13228222,Ecoli_ASM584,0
/orcd/nese/tami/001/raw_data/public_data/thanert_2022_upec_evolution/fastq/SRR13228221,SRR13228221,SRR13228221,Ecoli_ASM584,0
/orcd/nese/tami/001/raw_data/public_data/thanert_2022_upec_evolution/fastq/SRR13228220,SRR13228220,SRR13228220,Ecoli_ASM584,0
/orcd/nese/tami/001/raw_data/public_data/thanert_2022_upec_evolution/fastq/SRR13228219,SRR13228219,SRR13228219,Ecoli_ASM584,0
/orcd/nese/tami/001/raw_data/public_data/thanert_2022_upec_evolution/fastq/SRR13228218,SRR13228218,SRR13228218,Ecoli_ASM584,0
/orcd/nese/tami/001/raw_data/public_data/thanert_2022_upec_evolution/fastq/SRR13228217,SRR13228217,SRR13228217,Ecoli_ASM584,0
/orcd/nese/tami/001/raw_data/public_data/thanert_2022_upec_evolution/fastq/SRR13228216,SRR13228216,SRR13228216,Ecoli_ASM584,0
/orcd/nese/tami/001/raw_data/public_data/thanert_2022_upec_evolution/fastq/SRR13228215,SRR13228215,SRR13228215,Ecoli_ASM584,0
/orcd/nese/tami/001/raw_data/public_data/thanert_2022_upec_evolution/fastq/SRR13228214,SRR13228214,SRR13228214,Ecoli_ASM584,0
/orcd/nese/tami/001/raw_data/public_data/thanert_2022_upec_evolution/fastq/SRR13228212,SRR13228212,SRR13228212,Ecoli_ASM584,0
/orcd/nese/tami/001/raw_data/public_data/thanert_2022_upec_evolution/fastq/SRR13228211,SRR13228211,SRR13228211,Ecoli_ASM584,0
/orcd/nese/tami/001/raw_data/public_data/thanert_2022_upec_evolution/fastq/SRR13228210,SRR13228210,SRR13228210,Ecoli_ASM584,0
/orcd/nese/tami/001/raw_data/public_data/thanert_2022_upec_evolution/fastq/SRR13228209,SRR13228209,SRR13228209,Ecoli_ASM584,0
/orcd/nese/tami/001/raw_data/public_data/thanert_2022_upec_evolution/fastq/SRR13228208,SRR13228208,SRR13228208,Ecoli_ASM584,0
/orcd/nese/tami/001/raw_data/public_data/thanert_2022_upec_evolution/fastq/SRR13228207,SRR13228207,SRR13228207,Ecoli_ASM584,0
/orcd/nese/tami/001/raw_data/public_data/thanert_2022_upec_evolution/fastq/SRR13228206,SRR13228206,SRR13228206,Ecoli_ASM584,0
/orcd/nese/tami/001/raw_data/public_data/thanert_2022_upec_evolution/fastq/SRR13228173,SRR13228173,SRR13228173,Ecoli_ASM584,0
/orcd/nese/tami/001/raw_data/public_data/thanert_2022_upec_evolution/fastq/SRR13228172,SRR13228172,SRR13228172,Ecoli_ASM584,0
/orcd/nese/tami/001/raw_data/public_data/thanert_2022_upec_evolution/fastq/SRR13228171,SRR13228171,SRR13228171,Ecoli_ASM584,0
/orcd/nese/tami/001/raw_data/public_data/thanert_2022_upec_evolution/fastq/SRR13228169,SRR13228169,SRR13228169,Ecoli_ASM584,0
/orcd/nese/tami/001/raw_data/public_data/thanert_2022_upec_evolution/fastq/SRR13228168,SRR13228168,SRR13228168,Ecoli_ASM584,0
/orcd/nese/tami/001/raw_data/public_data/thanert_2022_upec_evolution/fastq/SRR13228167,SRR13228167,SRR13228167,Ecoli_ASM584,0
/orcd/nese/tami/001/raw_data/public_data/thanert_2022_upec_evolution/fastq/SRR13228166,SRR13228166,SRR13228166,Ecoli_ASM584,0
/orcd/nese/tami/001/raw_data/public_data/thanert_2022_upec_evolution/fastq/SRR13228165,SRR13228165,SRR13228165,Ecoli_ASM584,0
/orcd/nese/tami/001/raw_data/public_data/thanert_2022_upec_evolution/fastq/SRR13228164,SRR13228164,SRR13228164,Ecoli_ASM584,0
/orcd/nese/tami/001/raw_data/public_data/thanert_2022_upec_evolution/fastq/SRR13228163,SRR13228163,SRR13228163,Ecoli_ASM584,0
/orcd/nese/tami/001/raw_data/public_data/thanert_2022_upec_evolution/fastq/SRR13228162,SRR13228162,SRR13228162,Ecoli_ASM584,0
/orcd/nese/tami/001/raw_data/public_data/thanert_2022_upec_evolution/fastq/SRR13228161,SRR13228161,SRR13228161,Ecoli_ASM584,0
/orcd/nese/tami/001/raw_data/public_data/thanert_2022_upec_evolution/fastq/SRR13228160,SRR13228160,SRR13228160,Ecoli_ASM584,0
/orcd/nese/tami/001/raw_data/public_data/thanert_2022_upec_evolution/fastq/SRR13228158,SRR13228158,SRR13228158,Ecoli_ASM584,0
/orcd/nese/tami/001/raw_data/public_data/thanert_2022_upec_evolution/fastq/SRR13228157,SRR13228157,SRR13228157,Ecoli_ASM584,0
/orcd/nese/tami/001/raw_data/public_data/thanert_2022_upec_evolution/fastq/SRR13228156,SRR13228156,SRR13228156,Ecoli_ASM584,0
/orcd/nese/tami/001/raw_data/public_data/thanert_2022_upec_evolution/fastq/SRR13228155,SRR13228155,SRR13228155,Ecoli_ASM584,0
/orcd/nese/tami/001/raw_data/public_data/thanert_2022_upec_evolution/fastq/SRR13228154,SRR13228154,SRR13228154,Ecoli_ASM584,0
/orcd/nese/tami/001/raw_data/public_data/thanert_2022_upec_evolution/fastq/SRR13228153,SRR13228153,SRR13228153,Ecoli_ASM584,0
/orcd/nese/tami/001/raw_data/public_data/thanert_2022_upec_evolution/fastq/SRR13228152,SRR13228152,SRR13228152,Ecoli_ASM584,0
/orcd/nese/tami/001/raw_data/public_data/thanert_2022_upec_evolution/fastq/SRR13228151,SRR13228151,SRR13228151,Ecoli_ASM584,0
/orcd/nese/tami/001/raw_data/public_data/thanert_2022_upec_evolution/fastq/SRR13228150,SRR13228150,SRR13228150,Ecoli_ASM584,0
/orcd/nese/tami/001/raw_data/public_data/thanert_2022_upec_evolution/fastq/SRR13228149,SRR13228149,SRR13228149,Ecoli_ASM584,0
/orcd/nese/tami/001/raw_data/public_data/thanert_2022_upec_evolution/fastq/SRR13228147,SRR13228147,SRR13228147,Ecoli_ASM584,0
/orcd/nese/tami/001/raw_data/public_data/thanert_2022_upec_evolution/fastq/SRR13228146,SRR13228146,SRR13228146,Ecoli_ASM584,0
/orcd/nese/tami/001/raw_data/public_data/thanert_2022_upec_evolution/fastq/SRR13228145,SRR13228145,SRR13228145,Ecoli_ASM584,0
/orcd/nese/tami/001/raw_data/public_data/thanert_2022_upec_evolution/fastq/SRR13228144,SRR13228144,SRR13228144,Ecoli_ASM584,0
/orcd/nese/tami/001/raw_data/public_data/thanert_2022_upec_evolution/fastq/SRR13228143,SRR13228143,SRR13228143,Ecoli_ASM584,0
/orcd/nese/tami/001/raw_data/public_data/thanert_2022_upec_evolution/fastq/SRR13228142,SRR13228142,SRR13228142,Ecoli_ASM584,0
/orcd/nese/tami/001/raw_data/public_data/thanert_2022_upec_evolution/fastq/SRR13228077,SRR13228077,SRR13228077,Ecoli_ASM584,0
/orcd/nese/tami/001/raw_data/public_data/thanert_2022_upec_evolution/fastq/SRR13228076,SRR13228076,SRR13228076,Ecoli_ASM584,0
/orcd/nese/tami/001/raw_data/public_data/thanert_2022_upec_evolution/fastq/SRR13228075,SRR13228075,SRR13228075,Ecoli_ASM584,0
/orcd/nese/tami/001/raw_data/public_data/thanert_2022_upec_evolution/fastq/SRR13228074,SRR13228074,SRR13228074,Ecoli_ASM584,0
/orcd/nese/tami/001/raw_data/public_data/thanert_2022_upec_evolution/fastq/SRR13228072,SRR13228072,SRR13228072,Ecoli_ASM584,0
/orcd/nese/tami/001/raw_data/public_data/thanert_2022_upec_evolution/fastq/SRR13228071,SRR13228071,SRR13228071,Ecoli_ASM584,0
/orcd/nese/tami/001/raw_data/public_data/thanert_2022_upec_evolution/fastq/SRR13228070,SRR13228070,SRR13228070,Ecoli_ASM584,0
/orcd/nese/tami/001/raw_data/public_data/thanert_2022_upec_evolution/fastq/SRR13228069,SRR13228069,SRR13228069,Ecoli_ASM584,0
/orcd/nese/tami/001/raw_data/public_data/thanert_2022_upec_evolution/fastq/SRR13228068,SRR13228068,SRR13228068,Ecoli_ASM584,0
/orcd/nese/tami/001/raw_data/public_data/thanert_2022_upec_evolution/fastq/SRR13228067,SRR13228067,SRR13228067,Ecoli_ASM584,0
/orcd/nese/tami/001/raw_data/public_data/thanert_2022_upec_evolution/fastq/SRR13228066,SRR13228066,SRR13228066,Ecoli_ASM584,0
/orcd/nese/tami/001/raw_data/public_data/thanert_2022_upec_evolution/fastq/SRR13228065,SRR13228065,SRR13228065,Ecoli_ASM584,0
/orcd/nese/tami/001/raw_data/public_data/thanert_2022_upec_evolution/fastq/SRR13228064,SRR13228064,SRR13228064,Ecoli_ASM584,0
/orcd/nese/tami/001/raw_data/public_data/thanert_2022_upec_evolution/fastq/SRR13228063,SRR13228063,SRR13228063,Ecoli_ASM584,0
/orcd/nese/tami/001/raw_data/public_data/thanert_2022_upec_evolution/fastq/SRR13228061,SRR13228061,SRR13228061,Ecoli_ASM584,0
/orcd/nese/tami/001/raw_data/public_data/thanert_2022_upec_evolution/fastq/SRR13228060,SRR13228060,SRR13228060,Ecoli_ASM584,0
/orcd/nese/tami/001/raw_data/public_data/thanert_2022_upec_evolution/fastq/SRR13228059,SRR13228059,SRR13228059,Ecoli_ASM584,0
/orcd/nese/tami/001/raw_data/public_data/thanert_2022_upec_evolution/fastq/SRR13228058,SRR13228058,SRR13228058,Ecoli_ASM584,0
/orcd/nese/tami/001/raw_data/public_data/thanert_2022_upec_evolution/fastq/SRR13228057,SRR13228057,SRR13228057,Ecoli_ASM584,0
/orcd/nese/tami/001/raw_data/public_data/thanert_2022_upec_evolution/fastq/SRR13228056,SRR13228056,SRR13228056,Ecoli_ASM584,0
/orcd/nese/tami/001/raw_data/public_data/thanert_2022_upec_evolution/fastq/SRR13228055,SRR13228055,SRR13228055,Ecoli_ASM584,0
/orcd/nese/tami/001/raw_data/public_data/thanert_2022_upec_evolution/fastq/SRR13228054,SRR13228054,SRR13228054,Ecoli_ASM584,0
/orcd/nese/tami/001/raw_data/public_data/thanert_2022_upec_evolution/fastq/SRR13228053,SRR13228053,SRR13228053,Ecoli_ASM584,0
/orcd/nese/tami/001/raw_data/public_data/thanert_2022_upec_evolution/fastq/SRR13228052,SRR13228052,SRR13228052,Ecoli_ASM584,0
/orcd/nese/tami/001/raw_data/public_data/thanert_2022_upec_evolution/fastq/SRR13228049,SRR13228049,SRR13228049,Ecoli_ASM584,0
/orcd/nese/tami/001/raw_data/public_data/thanert_2022_upec_evolution/fastq/SRR13228048,SRR13228048,SRR13228048,Ecoli_ASM584,0
/orcd/nese/tami/001/raw_data/public_data/thanert_2022_upec_evolution/fastq/SRR13228047,SRR13228047,SRR13228047,Ecoli_ASM584,0
/orcd/nese/tami/001/raw_data/public_data/thanert_2022_upec_evolution/fastq/SRR13228046,SRR13228046,SRR13228046,Ecoli_ASM584,0
/orcd/nese/tami/001/raw_data/public_data/thanert_2022_upec_evolution/fastq/SRR13228014,SRR13228014,SRR13228014,Ecoli_ASM584,0
/orcd/nese/tami/001/raw_data/public_data/thanert_2022_upec_evolution/fastq/SRR13228013,SRR13228013,SRR13228013,Ecoli_ASM584,0
/orcd/nese/tami/001/raw_data/public_data/thanert_2022_upec_evolution/fastq/SRR13228012,SRR13228012,SRR13228012,Ecoli_ASM584,0
/orcd/nese/tami/001/raw_data/public_data/thanert_2022_upec_evolution/fastq/SRR13228011,SRR13228011,SRR13228011,Ecoli_ASM584,0
/orcd/nese/tami/001/raw_data/public_data/thanert_2022_upec_evolution/fastq/SRR13228010,SRR13228010,SRR13228010,Ecoli_ASM584,0
/orcd/nese/tami/001/raw_data/public_data/thanert_2022_upec_evolution/fastq/SRR13228009,SRR13228009,SRR13228009,Ecoli_ASM584,0
/orcd/nese/tami/001/raw_data/public_data/thanert_2022_upec_evolution/fastq/SRR13228007,SRR13228007,SRR13228007,Ecoli_ASM584,0
/orcd/nese/tami/001/raw_data/public_data/thanert_2022_upec_evolution/fastq/SRR13228006,SRR13228006,SRR13228006,Ecoli_ASM584,0
/orcd/nese/tami/001/raw_data/public_data/thanert_2022_upec_evolution/fastq/SRR13228005,SRR13228005,SRR13228005,Ecoli_ASM584,0
/orcd/nese/tami/001/raw_data/public_data/thanert_2022_upec_evolution/fastq/SRR13228004,SRR13228004,SRR13228004,Ecoli_ASM584,0
/orcd/nese/tami/001/raw_data/public_data/thanert_2022_upec_evolution/fastq/SRR13228003,SRR13228003,SRR13228003,Ecoli_ASM584,0
/orcd/nese/tami/001/raw_data/public_data/thanert_2022_upec_evolution/fastq/SRR13228002,SRR13228002,SRR13228002,Ecoli_ASM584,0
/orcd/nese/tami/001/raw_data/public_data/thanert_2022_upec_evolution/fastq/SRR13228001,SRR13228001,SRR13228001,Ecoli_ASM584,0
/orcd/nese/tami/001/raw_data/public_data/thanert_2022_upec_evolution/fastq/SRR13228000,SRR13228000,SRR13228000,Ecoli_ASM584,0
/orcd/nese/tami/001/raw_data/public_data/thanert_2022_upec_evolution/fastq/SRR13227999,SRR13227999,SRR13227999,Ecoli_ASM584,0
/orcd/nese/tami/001/raw_data/public_data/thanert_2022_upec_evolution/fastq/SRR13227998,SRR13227998,SRR13227998,Ecoli_ASM584,0
/orcd/nese/tami/001/raw_data/public_data/thanert_2022_upec_evolution/fastq/SRR13227996,SRR13227996,SRR13227996,Ecoli_ASM584,0
/orcd/nese/tami/001/raw_data/public_data/thanert_2022_upec_evolution/fastq/SRR13227995,SRR13227995,SRR13227995,Ecoli_ASM584,0
/orcd/nese/tami/001/raw_data/public_data/thanert_2022_upec_evolution/fastq/SRR13227994,SRR13227994,SRR13227994,Ecoli_ASM584,0
/orcd/nese/tami/001/raw_data/public_data/thanert_2022_upec_evolution/fastq/SRR13227993,SRR13227993,SRR13227993,Ecoli_ASM584,0
/orcd/nese/tami/001/raw_data/public_data/thanert_2022_upec_evolution/fastq/SRR13227992,SRR13227992,SRR13227992,Ecoli_ASM584,0
/orcd/nese/tami/001/raw_data/public_data/thanert_2022_upec_evolution/fastq/SRR13227991,SRR13227991,SRR13227991,Ecoli_ASM584,0
/orcd/nese/tami/001/raw_data/public_data/thanert_2022_upec_evolution/fastq/SRR13227990,SRR13227990,SRR13227990,Ecoli_ASM584,0
/orcd/nese/tami/001/raw_data/public_data/thanert_2022_upec_evolution/fastq/SRR13227989,SRR13227989,SRR13227989,Ecoli_ASM584,0
/orcd/nese/tami/001/raw_data/public_data/thanert_2022_upec_evolution/fastq/SRR13227988,SRR13227988,SRR13227988,Ecoli_ASM584,0
/orcd/nese/tami/001/raw_data/public_data/thanert_2022_upec_evolution/fastq/SRR13227987,SRR13227987,SRR13227987,Ecoli_ASM584,0
/orcd/nese/tami/001/raw_data/public_data/thanert_2022_upec_evolution/fastq/SRR13227985,SRR13227985,SRR13227985,Ecoli_ASM584,0
/orcd/nese/tami/001/raw_data/public_data/thanert_2022_upec_evolution/fastq/SRR13227984,SRR13227984,SRR13227984,Ecoli_ASM584,0
/orcd/nese/tami/001/raw_data/public_data/thanert_2022_upec_evolution/fastq/SRR13227983,SRR13227983,SRR13227983,Ecoli_ASM584,0
/orcd/nese/tami/001/raw_data/public_data/thanert_2022_upec_evolution/fastq/SRR13227726,SRR13227726,SRR13227726,Ecoli_ASM584,0
/orcd/nese/tami/001/raw_data/public_data/thanert_2022_upec_evolution/fastq/SRR13227724,SRR13227724,SRR13227724,Ecoli_ASM584,0
/orcd/nese/tami/001/raw_data/public_data/thanert_2022_upec_evolution/fastq/SRR13227723,SRR13227723,SRR13227723,Ecoli_ASM584,0
/orcd/nese/tami/001/raw_data/public_data/thanert_2022_upec_evolution/fastq/SRR13227722,SRR13227722,SRR13227722,Ecoli_ASM584,0
/orcd/nese/tami/001/raw_data/public_data/thanert_2022_upec_evolution/fastq/SRR13227721,SRR13227721,SRR13227721,Ecoli_ASM584,0
/orcd/nese/tami/001/raw_data/public_data/thanert_2022_upec_evolution/fastq/SRR13227720,SRR13227720,SRR13227720,Ecoli_ASM584,0
/orcd/nese/tami/001/raw_data/public_data/thanert_2022_upec_evolution/fastq/SRR13227719,SRR13227719,SRR13227719,Ecoli_ASM584,0
/orcd/nese/tami/001/raw_data/public_data/thanert_2022_upec_evolution/fastq/SRR13227717,SRR13227717,SRR13227717,Ecoli_ASM584,0
/orcd/nese/tami/001/raw_data/public_data/thanert_2022_upec_evolution/fastq/SRR13227716,SRR13227716,SRR13227716,Ecoli_ASM584,0
/orcd/nese/tami/001/raw_data/public_data/thanert_2022_upec_evolution/fastq/SRR13227715,SRR13227715,SRR13227715,Ecoli_ASM584,0
/orcd/nese/tami/001/raw_data/public_data/thanert_2022_upec_evolution/fastq/SRR13227714,SRR13227714,SRR13227714,Ecoli_ASM584,0
/orcd/nese/tami/001/raw_data/public_data/thanert_2022_upec_evolution/fastq/SRR13227713,SRR13227713,SRR13227713,Ecoli_ASM584,0
/orcd/nese/tami/001/raw_data/public_data/thanert_2022_upec_evolution/fastq/SRR13227712,SRR13227712,SRR13227712,Ecoli_ASM584,0
/orcd/nese/tami/001/raw_data/public_data/thanert_2022_upec_evolution/fastq/SRR13227711,SRR13227711,SRR13227711,Ecoli_ASM584,0
/orcd/nese/tami/001/raw_data/public_data/thanert_2022_upec_evolution/fastq/SRR13227710,SRR13227710,SRR13227710,Ecoli_ASM584,0
/orcd/nese/tami/001/raw_data/public_data/thanert_2022_upec_evolution/fastq/SRR13227709,SRR13227709,SRR13227709,Ecoli_ASM584,0
/orcd/nese/tami/001/raw_data/public_data/thanert_2022_upec_evolution/fastq/SRR13227708,SRR13227708,SRR13227708,Ecoli_ASM584,0
/orcd/nese/tami/001/raw_data/public_data/thanert_2022_upec_evolution/fastq/SRR13227706,SRR13227706,SRR13227706,Ecoli_ASM584,0
/orcd/nese/tami/001/raw_data/public_data/thanert_2022_upec_evolution/fastq/SRR13227705,SRR13227705,SRR13227705,Ecoli_ASM584,0
/orcd/nese/tami/001/raw_data/public_data/thanert_2022_upec_evolution/fastq/SRR13227704,SRR13227704,SRR13227704,Ecoli_ASM584,0
/orcd/nese/tami/001/raw_data/public_data/thanert_2022_upec_evolution/fastq/SRR13227703,SRR13227703,SRR13227703,Ecoli_ASM584,0
/orcd/nese/tami/001/raw_data/public_data/thanert_2022_upec_evolution/fastq/SRR13227702,SRR13227702,SRR13227702,Ecoli_ASM584,0
/orcd/nese/tami/001/raw_data/public_data/thanert_2022_upec_evolution/fastq/SRR13227701,SRR13227701,SRR13227701,Ecoli_ASM584,0
/orcd/nese/tami/001/raw_data/public_data/thanert_2022_upec_evolution/fastq/SRR13227700,SRR13227700,SRR13227700,Ecoli_ASM584,0
/orcd/nese/tami/001/raw_data/public_data/thanert_2022_upec_evolution/fastq/SRR13227699,SRR13227699,SRR13227699,Ecoli_ASM584,0
/orcd/nese/tami/001/raw_data/public_data/thanert_2022_upec_evolution/fastq/SRR13227698,SRR13227698,SRR13227698,Ecoli_ASM584,0
/orcd/nese/tami/001/raw_data/public_data/thanert_2022_upec_evolution/fastq/SRR13227697,SRR13227697,SRR13227697,Ecoli_ASM584,0
/orcd/nese/tami/001/raw_data/public_data/thanert_2022_upec_evolution/fastq/SRR13227695,SRR13227695,SRR13227695,Ecoli_ASM584,0
/orcd/nese/tami/001/raw_data/public_data/thanert_2022_upec_evolution/fastq/SRR13227694,SRR13227694,SRR13227694,Ecoli_ASM584,0
/orcd/nese/tami/001/raw_data/public_data/thanert_2022_upec_evolution/fastq/SRR13227855,SRR13227855,SRR13227855,Ecoli_ASM584,0
/orcd/nese/tami/001/raw_data/public_data/thanert_2022_upec_evolution/fastq/SRR13227853,SRR13227853,SRR13227853,Ecoli_ASM584,0
/orcd/nese/tami/001/raw_data/public_data/thanert_2022_upec_evolution/fastq/SRR13227852,SRR13227852,SRR13227852,Ecoli_ASM584,0
/orcd/nese/tami/001/raw_data/public_data/thanert_2022_upec_evolution/fastq/SRR13227851,SRR13227851,SRR13227851,Ecoli_ASM584,0
/orcd/nese/tami/001/raw_data/public_data/thanert_2022_upec_evolution/fastq/SRR13227850,SRR13227850,SRR13227850,Ecoli_ASM584,0
/orcd/nese/tami/001/raw_data/public_data/thanert_2022_upec_evolution/fastq/SRR13227849,SRR13227849,SRR13227849,Ecoli_ASM584,0
/orcd/nese/tami/001/raw_data/public_data/thanert_2022_upec_evolution/fastq/SRR13227848,SRR13227848,SRR13227848,Ecoli_ASM584,0
/orcd/nese/tami/001/raw_data/public_data/thanert_2022_upec_evolution/fastq/SRR13227847,SRR13227847,SRR13227847,Ecoli_ASM584,0
/orcd/nese/tami/001/raw_data/public_data/thanert_2022_upec_evolution/fastq/SRR13227845,SRR13227845,SRR13227845,Ecoli_ASM584,0
/orcd/nese/tami/001/raw_data/public_data/thanert_2022_upec_evolution/fastq/SRR13227844,SRR13227844,SRR13227844,Ecoli_ASM584,0
/orcd/nese/tami/001/raw_data/public_data/thanert_2022_upec_evolution/fastq/SRR13227843,SRR13227843,SRR13227843,Ecoli_ASM584,0
/orcd/nese/tami/001/raw_data/public_data/thanert_2022_upec_evolution/fastq/SRR13227842,SRR13227842,SRR13227842,Ecoli_ASM584,0
/orcd/nese/tami/001/raw_data/public_data/thanert_2022_upec_evolution/fastq/SRR13227841,SRR13227841,SRR13227841,Ecoli_ASM584,0
/orcd/nese/tami/001/raw_data/public_data/thanert_2022_upec_evolution/fastq/SRR13227840,SRR13227840,SRR13227840,Ecoli_ASM584,0
/orcd/nese/tami/001/raw_data/public_data/thanert_2022_upec_evolution/fastq/SRR13227839,SRR13227839,SRR13227839,Ecoli_ASM584,0
/orcd/nese/tami/001/raw_data/public_data/thanert_2022_upec_evolution/fastq/SRR13227838,SRR13227838,SRR13227838,Ecoli_ASM584,0
/orcd/nese/tami/001/raw_data/public_data/thanert_2022_upec_evolution/fastq/SRR13227837,SRR13227837,SRR13227837,Ecoli_ASM584,0
/orcd/nese/tami/001/raw_data/public_data/thanert_2022_upec_evolution/fastq/SRR13227836,SRR13227836,SRR13227836,Ecoli_ASM584,0
/orcd/nese/tami/001/raw_data/public_data/thanert_2022_upec_evolution/fastq/SRR13227834,SRR13227834,SRR13227834,Ecoli_ASM584,0
/orcd/nese/tami/001/raw_data/public_data/thanert_2022_upec_evolution/fastq/SRR13227833,SRR13227833,SRR13227833,Ecoli_ASM584,0
/orcd/nese/tami/001/raw_data/public_data/thanert_2022_upec_evolution/fastq/SRR13227832,SRR13227832,SRR13227832,Ecoli_ASM584,0
/orcd/nese/tami/001/raw_data/public_data/thanert_2022_upec_evolution/fastq/SRR13227831,SRR13227831,SRR13227831,Ecoli_ASM584,0
/orcd/nese/tami/001/raw_data/public_data/thanert_2022_upec_evolution/fastq/SRR13227830,SRR13227830,SRR13227830,Ecoli_ASM584,0
/orcd/nese/tami/001/raw_data/public_data/thanert_2022_upec_evolution/fastq/SRR13227829,SRR13227829,SRR13227829,Ecoli_ASM584,0
/orcd/nese/tami/001/raw_data/public_data/thanert_2022_upec_evolution/fastq/SRR13227828,SRR13227828,SRR13227828,Ecoli_ASM584,0
/orcd/nese/tami/001/raw_data/public_data/thanert_2022_upec_evolution/fastq/SRR13227827,SRR13227827,SRR13227827,Ecoli_ASM584,0
/orcd/nese/tami/001/raw_data/public_data/thanert_2022_upec_evolution/fastq/SRR13227826,SRR13227826,SRR13227826,Ecoli_ASM584,0
/orcd/nese/tami/001/raw_data/public_data/thanert_2022_upec_evolution/fastq/SRR13227825,SRR13227825,SRR13227825,Ecoli_ASM584,0
/orcd/nese/tami/001/raw_data/public_data/thanert_2022_upec_evolution/fastq/SRR13227823,SRR13227823,SRR13227823,Ecoli_ASM584,0
/orcd/nese/tami/001/raw_data/public_data/thanert_2022_upec_evolution/fastq/SRR13227693,SRR13227693,SRR13227693,Ecoli_ASM584,0
/orcd/nese/tami/001/raw_data/public_data/thanert_2022_upec_evolution/fastq/SRR13227692,SRR13227692,SRR13227692,Ecoli_ASM584,0
/orcd/nese/tami/001/raw_data/public_data/thanert_2022_upec_evolution/fastq/SRR13227691,SRR13227691,SRR13227691,Ecoli_ASM584,0
/orcd/nese/tami/001/raw_data/public_data/thanert_2022_upec_evolution/fastq/SRR13227690,SRR13227690,SRR13227690,Ecoli_ASM584,0
/orcd/nese/tami/001/raw_data/public_data/thanert_2022_upec_evolution/fastq/SRR13227689,SRR13227689,SRR13227689,Ecoli_ASM584,0
/orcd/nese/tami/001/raw_data/public_data/thanert_2022_upec_evolution/fastq/SRR13227688,SRR13227688,SRR13227688,Ecoli_ASM584,0
/orcd/nese/tami/001/raw_data/public_data/thanert_2022_upec_evolution/fastq/SRR13227687,SRR13227687,SRR13227687,Ecoli_ASM584,0
/orcd/nese/tami/001/raw_data/public_data/thanert_2022_upec_evolution/fastq/SRR13227686,SRR13227686,SRR13227686,Ecoli_ASM584,0
/orcd/nese/tami/001/raw_data/public_data/thanert_2022_upec_evolution/fastq/SRR13227685,SRR13227685,SRR13227685,Ecoli_ASM584,0
/orcd/nese/tami/001/raw_data/public_data/thanert_2022_upec_evolution/fastq/SRR13227682,SRR13227682,SRR13227682,Ecoli_ASM584,0
/orcd/nese/tami/001/raw_data/public_data/thanert_2022_upec_evolution/fastq/SRR13227680,SRR13227680,SRR13227680,Ecoli_ASM584,0
/orcd/nese/tami/001/raw_data/public_data/thanert_2022_upec_evolution/fastq/SRR13227679,SRR13227679,SRR13227679,Ecoli_ASM584,0
/orcd/nese/tami/001/raw_data/public_data/thanert_2022_upec_evolution/fastq/SRR13227681,SRR13227681,SRR13227681,Ecoli_ASM584,0
/orcd/nese/tami/001/raw_data/public_data/thanert_2022_upec_evolution/fastq/SRR13227678,SRR13227678,SRR13227678,Ecoli_ASM584,0
/orcd/nese/tami/001/raw_data/public_data/thanert_2022_upec_evolution/fastq/SRR13227677,SRR13227677,SRR13227677,Ecoli_ASM584,0
/orcd/nese/tami/001/raw_data/public_data/thanert_2022_upec_evolution/fastq/SRR13227676,SRR13227676,SRR13227676,Ecoli_ASM584,0
/orcd/nese/tami/001/raw_data/public_data/thanert_2022_upec_evolution/fastq/SRR13227675,SRR13227675,SRR13227675,Ecoli_ASM584,0
/orcd/nese/tami/001/raw_data/public_data/thanert_2022_upec_evolution/fastq/SRR13227674,SRR13227674,SRR13227674,Ecoli_ASM584,0
/orcd/nese/tami/001/raw_data/public_data/thanert_2022_upec_evolution/fastq/SRR13227673,SRR13227673,SRR13227673,Ecoli_ASM584,0
/orcd/nese/tami/001/raw_data/public_data/thanert_2022_upec_evolution/fastq/SRR13227671,SRR13227671,SRR13227671,Ecoli_ASM584,0
/orcd/nese/tami/001/raw_data/public_data/thanert_2022_upec_evolution/fastq/SRR13227670,SRR13227670,SRR13227670,Ecoli_ASM584,0
/orcd/nese/tami/001/raw_data/public_data/thanert_2022_upec_evolution/fastq/SRR13227669,SRR13227669,SRR13227669,Ecoli_ASM584,0
/orcd/nese/tami/001/raw_data/public_data/thanert_2022_upec_evolution/fastq/SRR13227668,SRR13227668,SRR13227668,Ecoli_ASM584,0
/orcd/nese/tami/001/raw_data/public_data/thanert_2022_upec_evolution/fastq/SRR13227667,SRR13227667,SRR13227667,Ecoli_ASM584,0
/orcd/nese/tami/001/raw_data/public_data/thanert_2022_upec_evolution/fastq/SRR13227666,SRR13227666,SRR13227666,Ecoli_ASM584,0
/orcd/nese/tami/001/raw_data/public_data/thanert_2022_upec_evolution/fastq/SRR13227665,SRR13227665,SRR13227665,Ecoli_ASM584,0
/orcd/nese/tami/001/raw_data/public_data/thanert_2022_upec_evolution/fastq/SRR13227664,SRR13227664,SRR13227664,Ecoli_ASM584,0
/orcd/nese/tami/001/raw_data/public_data/thanert_2022_upec_evolution/fastq/SRR13227663,SRR13227663,SRR13227663,Ecoli_ASM584,0
/orcd/nese/tami/001/raw_data/public_data/thanert_2022_upec_evolution/fastq/SRR13227662,SRR13227662,SRR13227662,Ecoli_ASM584,0
/orcd/nese/tami/001/raw_data/public_data/thanert_2022_upec_evolution/fastq/SRR13227556,SRR13227556,SRR13227556,Ecoli_ASM584,0
/orcd/nese/tami/001/raw_data/public_data/thanert_2022_upec_evolution/fastq/SRR13227555,SRR13227555,SRR13227555,Ecoli_ASM584,0
/orcd/nese/tami/001/raw_data/public_data/thanert_2022_upec_evolution/fastq/SRR13227554,SRR13227554,SRR13227554,Ecoli_ASM584,0
/orcd/nese/tami/001/raw_data/public_data/thanert_2022_upec_evolution/fastq/SRR13227553,SRR13227553,SRR13227553,Ecoli_ASM584,0
/orcd/nese/tami/001/raw_data/public_data/thanert_2022_upec_evolution/fastq/SRR13227552,SRR13227552,SRR13227552,Ecoli_ASM584,0
/orcd/nese/tami/001/raw_data/public_data/thanert_2022_upec_evolution/fastq/SRR13227551,SRR13227551,SRR13227551,Ecoli_ASM584,0
/orcd/nese/tami/001/raw_data/public_data/thanert_2022_upec_evolution/fastq/SRR13227550,SRR13227550,SRR13227550,Ecoli_ASM584,0
/orcd/nese/tami/001/raw_data/public_data/thanert_2022_upec_evolution/fastq/SRR13227549,SRR13227549,SRR13227549,Ecoli_ASM584,0
/orcd/nese/tami/001/raw_data/public_data/thanert_2022_upec_evolution/fastq/SRR13227548,SRR13227548,SRR13227548,Ecoli_ASM584,0
/orcd/nese/tami/001/raw_data/public_data/thanert_2022_upec_evolution/fastq/SRR13227547,SRR13227547,SRR13227547,Ecoli_ASM584,0
/orcd/nese/tami/001/raw_data/public_data/thanert_2022_upec_evolution/fastq/SRR13227545,SRR13227545,SRR13227545,Ecoli_ASM584,0
/orcd/nese/tami/001/raw_data/public_data/thanert_2022_upec_evolution/fastq/SRR13227544,SRR13227544,SRR13227544,Ecoli_ASM584,0
/orcd/nese/tami/001/raw_data/public_data/thanert_2022_upec_evolution/fastq/SRR13227543,SRR13227543,SRR13227543,Ecoli_ASM584,0
/orcd/nese/tami/001/raw_data/public_data/thanert_2022_upec_evolution/fastq/SRR13227542,SRR13227542,SRR13227542,Ecoli_ASM584,0
/orcd/nese/tami/001/raw_data/public_data/thanert_2022_upec_evolution/fastq/SRR13227541,SRR13227541,SRR13227541,Ecoli_ASM584,0
/orcd/nese/tami/001/raw_data/public_data/thanert_2022_upec_evolution/fastq/SRR13227540,SRR13227540,SRR13227540,Ecoli_ASM584,0
/orcd/nese/tami/001/raw_data/public_data/thanert_2022_upec_evolution/fastq/SRR13227539,SRR13227539,SRR13227539,Ecoli_ASM584,0
/orcd/nese/tami/001/raw_data/public_data/thanert_2022_upec_evolution/fastq/SRR13227538,SRR13227538,SRR13227538,Ecoli_ASM584,0
/orcd/nese/tami/001/raw_data/public_data/thanert_2022_upec_evolution/fastq/SRR13227537,SRR13227537,SRR13227537,Ecoli_ASM584,0
/orcd/nese/tami/001/raw_data/public_data/thanert_2022_upec_evolution/fastq/SRR13227536,SRR13227536,SRR13227536,Ecoli_ASM584,0
/orcd/nese/tami/001/raw_data/public_data/thanert_2022_upec_evolution/fastq/SRR13227534,SRR13227534,SRR13227534,Ecoli_ASM584,0
/orcd/nese/tami/001/raw_data/public_data/thanert_2022_upec_evolution/fastq/SRR13227533,SRR13227533,SRR13227533,Ecoli_ASM584,0
/orcd/nese/tami/001/raw_data/public_data/thanert_2022_upec_evolution/fastq/SRR13227532,SRR13227532,SRR13227532,Ecoli_ASM584,0
/orcd/nese/tami/001/raw_data/public_data/thanert_2022_upec_evolution/fastq/SRR13227531,SRR13227531,SRR13227531,Ecoli_ASM584,0
/orcd/nese/tami/001/raw_data/public_data/thanert_2022_upec_evolution/fastq/SRR13227530,SRR13227530,SRR13227530,Ecoli_ASM584,0
/orcd/nese/tami/001/raw_data/public_data/thanert_2022_upec_evolution/fastq/SRR13227529,SRR13227529,SRR13227529,Ecoli_ASM584,0
/orcd/nese/tami/001/raw_data/public_data/thanert_2022_upec_evolution/fastq/SRR13227528,SRR13227528,SRR13227528,Ecoli_ASM584,0
/orcd/nese/tami/001/raw_data/public_data/thanert_2022_upec_evolution/fastq/SRR13227527,SRR13227527,SRR13227527,Ecoli_ASM584,0
/orcd/nese/tami/001/raw_data/public_data/thanert_2022_upec_evolution/fastq/SRR13227526,SRR13227526,SRR13227526,Ecoli_ASM584,0
/orcd/nese/tami/001/raw_data/public_data/thanert_2022_upec_evolution/fastq/SRR13227458,SRR13227458,SRR13227458,Ecoli_ASM584,0
/orcd/nese/tami/001/raw_data/public_data/thanert_2022_upec_evolution/fastq/SRR13227455,SRR13227455,SRR13227455,Ecoli_ASM584,0
/orcd/nese/tami/001/raw_data/public_data/thanert_2022_upec_evolution/fastq/SRR13227454,SRR13227454,SRR13227454,Ecoli_ASM584,0
/orcd/nese/tami/001/raw_data/public_data/thanert_2022_upec_evolution/fastq/SRR13227453,SRR13227453,SRR13227453,Ecoli_ASM584,0
/orcd/nese/tami/001/raw_data/public_data/thanert_2022_upec_evolution/fastq/SRR13227452,SRR13227452,SRR13227452,Ecoli_ASM584,0
/orcd/nese/tami/001/raw_data/public_data/thanert_2022_upec_evolution/fastq/SRR13227451,SRR13227451,SRR13227451,Ecoli_ASM584,0
/orcd/nese/tami/001/raw_data/public_data/thanert_2022_upec_evolution/fastq/SRR13227450,SRR13227450,SRR13227450,Ecoli_ASM584,0
/orcd/nese/tami/001/raw_data/public_data/thanert_2022_upec_evolution/fastq/SRR13227449,SRR13227449,SRR13227449,Ecoli_ASM584,0
/orcd/nese/tami/001/raw_data/public_data/thanert_2022_upec_evolution/fastq/SRR13227448,SRR13227448,SRR13227448,Ecoli_ASM584,0
/orcd/nese/tami/001/raw_data/public_data/thanert_2022_upec_evolution/fastq/SRR13227447,SRR13227447,SRR13227447,Ecoli_ASM584,0
/orcd/nese/tami/001/raw_data/public_data/thanert_2022_upec_evolution/fastq/SRR13227446,SRR13227446,SRR13227446,Ecoli_ASM584,0
/orcd/nese/tami/001/raw_data/public_data/thanert_2022_upec_evolution/fastq/SRR13227444,SRR13227444,SRR13227444,Ecoli_ASM584,0
/orcd/nese/tami/001/raw_data/public_data/thanert_2022_upec_evolution/fastq/SRR13227443,SRR13227443,SRR13227443,Ecoli_ASM584,0
/orcd/nese/tami/001/raw_data/public_data/thanert_2022_upec_evolution/fastq/SRR13227442,SRR13227442,SRR13227442,Ecoli_ASM584,0
/orcd/nese/tami/001/raw_data/public_data/thanert_2022_upec_evolution/fastq/SRR13227441,SRR13227441,SRR13227441,Ecoli_ASM584,0
/orcd/nese/tami/001/raw_data/public_data/thanert_2022_upec_evolution/fastq/SRR13227440,SRR13227440,SRR13227440,Ecoli_ASM584,0
/orcd/nese/tami/001/raw_data/public_data/thanert_2022_upec_evolution/fastq/SRR13227439,SRR13227439,SRR13227439,Ecoli_ASM584,0
/orcd/nese/tami/001/raw_data/public_data/thanert_2022_upec_evolution/fastq/SRR13227438,SRR13227438,SRR13227438,Ecoli_ASM584,0
/orcd/nese/tami/001/raw_data/public_data/thanert_2022_upec_evolution/fastq/SRR13227437,SRR13227437,SRR13227437,Ecoli_ASM584,0
/orcd/nese/tami/001/raw_data/public_data/thanert_2022_upec_evolution/fastq/SRR13227436,SRR13227436,SRR13227436,Ecoli_ASM584,0
/orcd/nese/tami/001/raw_data/public_data/thanert_2022_upec_evolution/fastq/SRR13227435,SRR13227435,SRR13227435,Ecoli_ASM584,0
/orcd/nese/tami/001/raw_data/public_data/thanert_2022_upec_evolution/fastq/SRR13227433,SRR13227433,SRR13227433,Ecoli_ASM584,0
/orcd/nese/tami/001/raw_data/public_data/thanert_2022_upec_evolution/fastq/SRR13227432,SRR13227432,SRR13227432,Ecoli_ASM584,0
/orcd/nese/tami/001/raw_data/public_data/thanert_2022_upec_evolution/fastq/SRR13227431,SRR13227431,SRR13227431,Ecoli_ASM584,0
/orcd/nese/tami/001/raw_data/public_data/thanert_2022_upec_evolution/fastq/SRR13227430,SRR13227430,SRR13227430,Ecoli_ASM584,0
/orcd/nese/tami/001/raw_data/public_data/thanert_2022_upec_evolution/fastq/SRR13227429,SRR13227429,SRR13227429,Ecoli_ASM584,0
/orcd/nese/tami/001/raw_data/public_data/thanert_2022_upec_evolution/fastq/SRR13227428,SRR13227428,SRR13227428,Ecoli_ASM584,0
/orcd/nese/tami/001/raw_data/public_data/thanert_2022_upec_evolution/fastq/SRR13227427,SRR13227427,SRR13227427,Ecoli_ASM584,0
/orcd/nese/tami/001/raw_data/public_data/thanert_2022_upec_evolution/fastq/SRR13227426,SRR13227426,SRR13227426,Ecoli_ASM584,0
/orcd/nese/tami/001/raw_data/public_data/thanert_2022_upec_evolution/fastq/SRR13228364,SRR13228364,SRR13228364,Ecoli_ASM584,0
/orcd/nese/tami/001/raw_data/public_data/thanert_2022_upec_evolution/fastq/SRR13227425,SRR13227425,SRR13227425,Ecoli_ASM584,0
/orcd/nese/tami/001/raw_data/public_data/thanert_2022_upec_evolution/fastq/SRR13228362,SRR13228362,SRR13228362,Ecoli_ASM584,0
/orcd/nese/tami/001/raw_data/public_data/thanert_2022_upec_evolution/fastq/SRR13228361,SRR13228361,SRR13228361,Ecoli_ASM584,0
/orcd/nese/tami/001/raw_data/public_data/thanert_2022_upec_evolution/fastq/SRR13228360,SRR13228360,SRR13228360,Ecoli_ASM584,0
/orcd/nese/tami/001/raw_data/public_data/thanert_2022_upec_evolution/fastq/SRR13228359,SRR13228359,SRR13228359,Ecoli_ASM584,0
/orcd/nese/tami/001/raw_data/public_data/thanert_2022_upec_evolution/fastq/SRR13228358,SRR13228358,SRR13228358,Ecoli_ASM584,0
/orcd/nese/tami/001/raw_data/public_data/thanert_2022_upec_evolution/fastq/SRR13228357,SRR13228357,SRR13228357,Ecoli_ASM584,0
/orcd/nese/tami/001/raw_data/public_data/thanert_2022_upec_evolution/fastq/SRR13228356,SRR13228356,SRR13228356,Ecoli_ASM584,0
/orcd/nese/tami/001/raw_data/public_data/thanert_2022_upec_evolution/fastq/SRR13228355,SRR13228355,SRR13228355,Ecoli_ASM584,0
/orcd/nese/tami/001/raw_data/public_data/thanert_2022_upec_evolution/fastq/SRR13228354,SRR13228354,SRR13228354,Ecoli_ASM584,0
/orcd/nese/tami/001/raw_data/public_data/thanert_2022_upec_evolution/fastq/SRR13228353,SRR13228353,SRR13228353,Ecoli_ASM584,0
/orcd/nese/tami/001/raw_data/public_data/thanert_2022_upec_evolution/fastq/SRR13228351,SRR13228351,SRR13228351,Ecoli_ASM584,0
/orcd/nese/tami/001/raw_data/public_data/thanert_2022_upec_evolution/fastq/SRR13228350,SRR13228350,SRR13228350,Ecoli_ASM584,0
/orcd/nese/tami/001/raw_data/public_data/thanert_2022_upec_evolution/fastq/SRR13228349,SRR13228349,SRR13228349,Ecoli_ASM584,0
/orcd/nese/tami/001/raw_data/public_data/thanert_2022_upec_evolution/fastq/SRR13228348,SRR13228348,SRR13228348,Ecoli_ASM584,0
/orcd/nese/tami/001/raw_data/public_data/thanert_2022_upec_evolution/fastq/SRR13228347,SRR13228347,SRR13228347,Ecoli_ASM584,0
/orcd/nese/tami/001/raw_data/public_data/thanert_2022_upec_evolution/fastq/SRR13228346,SRR13228346,SRR13228346,Ecoli_ASM584,0
/orcd/nese/tami/001/raw_data/public_data/thanert_2022_upec_evolution/fastq/SRR13228345,SRR13228345,SRR13228345,Ecoli_ASM584,0
/orcd/nese/tami/001/raw_data/public_data/thanert_2022_upec_evolution/fastq/SRR13228344,SRR13228344,SRR13228344,Ecoli_ASM584,0
/orcd/nese/tami/001/raw_data/public_data/thanert_2022_upec_evolution/fastq/SRR13228343,SRR13228343,SRR13228343,Ecoli_ASM584,0
/orcd/nese/tami/001/raw_data/public_data/thanert_2022_upec_evolution/fastq/SRR13228342,SRR13228342,SRR13228342,Ecoli_ASM584,0
/orcd/nese/tami/001/raw_data/public_data/thanert_2022_upec_evolution/fastq/SRR13228339,SRR13228339,SRR13228339,Ecoli_ASM584,0
/orcd/nese/tami/001/raw_data/public_data/thanert_2022_upec_evolution/fastq/SRR13228338,SRR13228338,SRR13228338,Ecoli_ASM584,0
/orcd/nese/tami/001/raw_data/public_data/thanert_2022_upec_evolution/fastq/SRR13228337,SRR13228337,SRR13228337,Ecoli_ASM584,0
/orcd/nese/tami/001/raw_data/public_data/thanert_2022_upec_evolution/fastq/SRR13228336,SRR13228336,SRR13228336,Ecoli_ASM584,0
/orcd/nese/tami/001/raw_data/public_data/thanert_2022_upec_evolution/fastq/SRR13228335,SRR13228335,SRR13228335,Ecoli_ASM584,0
/orcd/nese/tami/001/raw_data/public_data/thanert_2022_upec_evolution/fastq/SRR13228334,SRR13228334,SRR13228334,Ecoli_ASM584,0
/orcd/nese/tami/001/raw_data/public_data/thanert_2022_upec_evolution/fastq/SRR13228269,SRR13228269,SRR13228269,Ecoli_ASM584,0
/orcd/nese/tami/001/raw_data/public_data/thanert_2022_upec_evolution/fastq/SRR13228268,SRR13228268,SRR13228268,Ecoli_ASM584,0
/orcd/nese/tami/001/raw_data/public_data/thanert_2022_upec_evolution/fastq/SRR13228267,SRR13228267,SRR13228267,Ecoli_ASM584,0
/orcd/nese/tami/001/raw_data/public_data/thanert_2022_upec_evolution/fastq/SRR13228264,SRR13228264,SRR13228264,Ecoli_ASM584,0
/orcd/nese/tami/001/raw_data/public_data/thanert_2022_upec_evolution/fastq/SRR13228266,SRR13228266,SRR13228266,Ecoli_ASM584,0
/orcd/nese/tami/001/raw_data/public_data/thanert_2022_upec_evolution/fastq/SRR13228263,SRR13228263,SRR13228263,Ecoli_ASM584,0
/orcd/nese/tami/001/raw_data/public_data/thanert_2022_upec_evolution/fastq/SRR13228262,SRR13228262,SRR13228262,Ecoli_ASM584,0
/orcd/nese/tami/001/raw_data/public_data/thanert_2022_upec_evolution/fastq/SRR13228261,SRR13228261,SRR13228261,Ecoli_ASM584,0
/orcd/nese/tami/001/raw_data/public_data/thanert_2022_upec_evolution/fastq/SRR13228260,SRR13228260,SRR13228260,Ecoli_ASM584,0
/orcd/nese/tami/001/raw_data/public_data/thanert_2022_upec_evolution/fastq/SRR13228259,SRR13228259,SRR13228259,Ecoli_ASM584,0
/orcd/nese/tami/001/raw_data/public_data/thanert_2022_upec_evolution/fastq/SRR13228258,SRR13228258,SRR13228258,Ecoli_ASM584,0
/orcd/nese/tami/001/raw_data/public_data/thanert_2022_upec_evolution/fastq/SRR13228257,SRR13228257,SRR13228257,Ecoli_ASM584,0
/orcd/nese/tami/001/raw_data/public_data/thanert_2022_upec_evolution/fastq/SRR13228256,SRR13228256,SRR13228256,Ecoli_ASM584,0
/orcd/nese/tami/001/raw_data/public_data/thanert_2022_upec_evolution/fastq/SRR13228255,SRR13228255,SRR13228255,Ecoli_ASM584,0
/orcd/nese/tami/001/raw_data/public_data/thanert_2022_upec_evolution/fastq/SRR13228253,SRR13228253,SRR13228253,Ecoli_ASM584,0
/orcd/nese/tami/001/raw_data/public_data/thanert_2022_upec_evolution/fastq/SRR13228252,SRR13228252,SRR13228252,Ecoli_ASM584,0
/orcd/nese/tami/001/raw_data/public_data/thanert_2022_upec_evolution/fastq/SRR13228251,SRR13228251,SRR13228251,Ecoli_ASM584,0
/orcd/nese/tami/001/raw_data/public_data/thanert_2022_upec_evolution/fastq/SRR13228250,SRR13228250,SRR13228250,Ecoli_ASM584,0
/orcd/nese/tami/001/raw_data/public_data/thanert_2022_upec_evolution/fastq/SRR13228249,SRR13228249,SRR13228249,Ecoli_ASM584,0
/orcd/nese/tami/001/raw_data/public_data/thanert_2022_upec_evolution/fastq/SRR13228248,SRR13228248,SRR13228248,Ecoli_ASM584,0
/orcd/nese/tami/001/raw_data/public_data/thanert_2022_upec_evolution/fastq/SRR13228247,SRR13228247,SRR13228247,Ecoli_ASM584,0
/orcd/nese/tami/001/raw_data/public_data/thanert_2022_upec_evolution/fastq/SRR13228246,SRR13228246,SRR13228246,Ecoli_ASM584,0
/orcd/nese/tami/001/raw_data/public_data/thanert_2022_upec_evolution/fastq/SRR13228245,SRR13228245,SRR13228245,Ecoli_ASM584,0
/orcd/nese/tami/001/raw_data/public_data/thanert_2022_upec_evolution/fastq/SRR13228244,SRR13228244,SRR13228244,Ecoli_ASM584,0
/orcd/nese/tami/001/raw_data/public_data/thanert_2022_upec_evolution/fastq/SRR13228242,SRR13228242,SRR13228242,Ecoli_ASM584,0
/orcd/nese/tami/001/raw_data/public_data/thanert_2022_upec_evolution/fastq/SRR13228241,SRR13228241,SRR13228241,Ecoli_ASM584,0
/orcd/nese/tami/001/raw_data/public_data/thanert_2022_upec_evolution/fastq/SRR13228240,SRR13228240,SRR13228240,Ecoli_ASM584,0
/orcd/nese/tami/001/raw_data/public_data/thanert_2022_upec_evolution/fastq/SRR13228239,SRR13228239,SRR13228239,Ecoli_ASM584,0
/orcd/nese/tami/001/raw_data/public_data/thanert_2022_upec_evolution/fastq/SRR13228238,SRR13228238,SRR13228238,Ecoli_ASM584,0
/orcd/nese/tami/001/raw_data/public_data/thanert_2022_upec_evolution/fastq/SRR13228205,SRR13228205,SRR13228205,Ecoli_ASM584,0
/orcd/nese/tami/001/raw_data/public_data/thanert_2022_upec_evolution/fastq/SRR13228204,SRR13228204,SRR13228204,Ecoli_ASM584,0
/orcd/nese/tami/001/raw_data/public_data/thanert_2022_upec_evolution/fastq/SRR13228203,SRR13228203,SRR13228203,Ecoli_ASM584,0
/orcd/nese/tami/001/raw_data/public_data/thanert_2022_upec_evolution/fastq/SRR13228202,SRR13228202,SRR13228202,Ecoli_ASM584,0
/orcd/nese/tami/001/raw_data/public_data/thanert_2022_upec_evolution/fastq/SRR13228201,SRR13228201,SRR13228201,Ecoli_ASM584,0
/orcd/nese/tami/001/raw_data/public_data/thanert_2022_upec_evolution/fastq/SRR13228199,SRR13228199,SRR13228199,Ecoli_ASM584,0
/orcd/nese/tami/001/raw_data/public_data/thanert_2022_upec_evolution/fastq/SRR13228198,SRR13228198,SRR13228198,Ecoli_ASM584,0
/orcd/nese/tami/001/raw_data/public_data/thanert_2022_upec_evolution/fastq/SRR13228197,SRR13228197,SRR13228197,Ecoli_ASM584,0
/orcd/nese/tami/001/raw_data/public_data/thanert_2022_upec_evolution/fastq/SRR13228196,SRR13228196,SRR13228196,Ecoli_ASM584,0
/orcd/nese/tami/001/raw_data/public_data/thanert_2022_upec_evolution/fastq/SRR13228195,SRR13228195,SRR13228195,Ecoli_ASM584,0
/orcd/nese/tami/001/raw_data/public_data/thanert_2022_upec_evolution/fastq/SRR13228194,SRR13228194,SRR13228194,Ecoli_ASM584,0
/orcd/nese/tami/001/raw_data/public_data/thanert_2022_upec_evolution/fastq/SRR13228193,SRR13228193,SRR13228193,Ecoli_ASM584,0
/orcd/nese/tami/001/raw_data/public_data/thanert_2022_upec_evolution/fastq/SRR13228192,SRR13228192,SRR13228192,Ecoli_ASM584,0
/orcd/nese/tami/001/raw_data/public_data/thanert_2022_upec_evolution/fastq/SRR13228191,SRR13228191,SRR13228191,Ecoli_ASM584,0
/orcd/nese/tami/001/raw_data/public_data/thanert_2022_upec_evolution/fastq/SRR13228190,SRR13228190,SRR13228190,Ecoli_ASM584,0
/orcd/nese/tami/001/raw_data/public_data/thanert_2022_upec_evolution/fastq/SRR13228188,SRR13228188,SRR13228188,Ecoli_ASM584,0
/orcd/nese/tami/001/raw_data/public_data/thanert_2022_upec_evolution/fastq/SRR13228187,SRR13228187,SRR13228187,Ecoli_ASM584,0
/orcd/nese/tami/001/raw_data/public_data/thanert_2022_upec_evolution/fastq/SRR13228186,SRR13228186,SRR13228186,Ecoli_ASM584,0
/orcd/nese/tami/001/raw_data/public_data/thanert_2022_upec_evolution/fastq/SRR13228185,SRR13228185,SRR13228185,Ecoli_ASM584,0
/orcd/nese/tami/001/raw_data/public_data/thanert_2022_upec_evolution/fastq/SRR13228184,SRR13228184,SRR13228184,Ecoli_ASM584,0
/orcd/nese/tami/001/raw_data/public_data/thanert_2022_upec_evolution/fastq/SRR13228183,SRR13228183,SRR13228183,Ecoli_ASM584,0
/orcd/nese/tami/001/raw_data/public_data/thanert_2022_upec_evolution/fastq/SRR13228182,SRR13228182,SRR13228182,Ecoli_ASM584,0
/orcd/nese/tami/001/raw_data/public_data/thanert_2022_upec_evolution/fastq/SRR13228181,SRR13228181,SRR13228181,Ecoli_ASM584,0
/orcd/nese/tami/001/raw_data/public_data/thanert_2022_upec_evolution/fastq/SRR13228180,SRR13228180,SRR13228180,Ecoli_ASM584,0
/orcd/nese/tami/001/raw_data/public_data/thanert_2022_upec_evolution/fastq/SRR13228179,SRR13228179,SRR13228179,Ecoli_ASM584,0
/orcd/nese/tami/001/raw_data/public_data/thanert_2022_upec_evolution/fastq/SRR13228177,SRR13228177,SRR13228177,Ecoli_ASM584,0
/orcd/nese/tami/001/raw_data/public_data/thanert_2022_upec_evolution/fastq/SRR13228176,SRR13228176,SRR13228176,Ecoli_ASM584,0
/orcd/nese/tami/001/raw_data/public_data/thanert_2022_upec_evolution/fastq/SRR13228175,SRR13228175,SRR13228175,Ecoli_ASM584,0
/orcd/nese/tami/001/raw_data/public_data/thanert_2022_upec_evolution/fastq/SRR13228174,SRR13228174,SRR13228174,Ecoli_ASM584,0
/orcd/nese/tami/001/raw_data/public_data/thanert_2022_upec_evolution/fastq/SRR13228141,SRR13228141,SRR13228141,Ecoli_ASM584,0
/orcd/nese/tami/001/raw_data/public_data/thanert_2022_upec_evolution/fastq/SRR13228139,SRR13228139,SRR13228139,Ecoli_ASM584,0
/orcd/nese/tami/001/raw_data/public_data/thanert_2022_upec_evolution/fastq/SRR13228140,SRR13228140,SRR13228140,Ecoli_ASM584,0
/orcd/nese/tami/001/raw_data/public_data/thanert_2022_upec_evolution/fastq/SRR13228138,SRR13228138,SRR13228138,Ecoli_ASM584,0
/orcd/nese/tami/001/raw_data/public_data/thanert_2022_upec_evolution/fastq/SRR13228137,SRR13228137,SRR13228137,Ecoli_ASM584,0
/orcd/nese/tami/001/raw_data/public_data/thanert_2022_upec_evolution/fastq/SRR13228136,SRR13228136,SRR13228136,Ecoli_ASM584,0
/orcd/nese/tami/001/raw_data/public_data/thanert_2022_upec_evolution/fastq/SRR13228134,SRR13228134,SRR13228134,Ecoli_ASM584,0
/orcd/nese/tami/001/raw_data/public_data/thanert_2022_upec_evolution/fastq/SRR13228133,SRR13228133,SRR13228133,Ecoli_ASM584,0
/orcd/nese/tami/001/raw_data/public_data/thanert_2022_upec_evolution/fastq/SRR13228132,SRR13228132,SRR13228132,Ecoli_ASM584,0
/orcd/nese/tami/001/raw_data/public_data/thanert_2022_upec_evolution/fastq/SRR13228131,SRR13228131,SRR13228131,Ecoli_ASM584,0
/orcd/nese/tami/001/raw_data/public_data/thanert_2022_upec_evolution/fastq/SRR13228130,SRR13228130,SRR13228130,Ecoli_ASM584,0
/orcd/nese/tami/001/raw_data/public_data/thanert_2022_upec_evolution/fastq/SRR13228129,SRR13228129,SRR13228129,Ecoli_ASM584,0
/orcd/nese/tami/001/raw_data/public_data/thanert_2022_upec_evolution/fastq/SRR13228128,SRR13228128,SRR13228128,Ecoli_ASM584,0
/orcd/nese/tami/001/raw_data/public_data/thanert_2022_upec_evolution/fastq/SRR13228127,SRR13228127,SRR13228127,Ecoli_ASM584,0
/orcd/nese/tami/001/raw_data/public_data/thanert_2022_upec_evolution/fastq/SRR13228126,SRR13228126,SRR13228126,Ecoli_ASM584,0
/orcd/nese/tami/001/raw_data/public_data/thanert_2022_upec_evolution/fastq/SRR13228125,SRR13228125,SRR13228125,Ecoli_ASM584,0
/orcd/nese/tami/001/raw_data/public_data/thanert_2022_upec_evolution/fastq/SRR13228123,SRR13228123,SRR13228123,Ecoli_ASM584,0
/orcd/nese/tami/001/raw_data/public_data/thanert_2022_upec_evolution/fastq/SRR13228122,SRR13228122,SRR13228122,Ecoli_ASM584,0
/orcd/nese/tami/001/raw_data/public_data/thanert_2022_upec_evolution/fastq/SRR13228121,SRR13228121,SRR13228121,Ecoli_ASM584,0
/orcd/nese/tami/001/raw_data/public_data/thanert_2022_upec_evolution/fastq/SRR13228120,SRR13228120,SRR13228120,Ecoli_ASM584,0
/orcd/nese/tami/001/raw_data/public_data/thanert_2022_upec_evolution/fastq/SRR13228119,SRR13228119,SRR13228119,Ecoli_ASM584,0
/orcd/nese/tami/001/raw_data/public_data/thanert_2022_upec_evolution/fastq/SRR13228118,SRR13228118,SRR13228118,Ecoli_ASM584,0
/orcd/nese/tami/001/raw_data/public_data/thanert_2022_upec_evolution/fastq/SRR13228117,SRR13228117,SRR13228117,Ecoli_ASM584,0
/orcd/nese/tami/001/raw_data/public_data/thanert_2022_upec_evolution/fastq/SRR13228116,SRR13228116,SRR13228116,Ecoli_ASM584,0
/orcd/nese/tami/001/raw_data/public_data/thanert_2022_upec_evolution/fastq/SRR13228115,SRR13228115,SRR13228115,Ecoli_ASM584,0
/orcd/nese/tami/001/raw_data/public_data/thanert_2022_upec_evolution/fastq/SRR13228114,SRR13228114,SRR13228114,Ecoli_ASM584,0
/orcd/nese/tami/001/raw_data/public_data/thanert_2022_upec_evolution/fastq/SRR13228112,SRR13228112,SRR13228112,Ecoli_ASM584,0
/orcd/nese/tami/001/raw_data/public_data/thanert_2022_upec_evolution/fastq/SRR13228111,SRR13228111,SRR13228111,Ecoli_ASM584,0
/orcd/nese/tami/001/raw_data/public_data/thanert_2022_upec_evolution/fastq/SRR13228110,SRR13228110,SRR13228110,Ecoli_ASM584,0
/orcd/nese/tami/001/raw_data/public_data/thanert_2022_upec_evolution/fastq/SRR13228109,SRR13228109,SRR13228109,Ecoli_ASM584,0
/orcd/nese/tami/001/raw_data/public_data/thanert_2022_upec_evolution/fastq/SRR13228108,SRR13228108,SRR13228108,Ecoli_ASM584,0
/orcd/nese/tami/001/raw_data/public_data/thanert_2022_upec_evolution/fastq/SRR13228107,SRR13228107,SRR13228107,Ecoli_ASM584,0
/orcd/nese/tami/001/raw_data/public_data/thanert_2022_upec_evolution/fastq/SRR13228106,SRR13228106,SRR13228106,Ecoli_ASM584,0
/orcd/nese/tami/001/raw_data/public_data/thanert_2022_upec_evolution/fastq/SRR13228105,SRR13228105,SRR13228105,Ecoli_ASM584,0
/orcd/nese/tami/001/raw_data/public_data/thanert_2022_upec_evolution/fastq/SRR13228104,SRR13228104,SRR13228104,Ecoli_ASM584,0
/orcd/nese/tami/001/raw_data/public_data/thanert_2022_upec_evolution/fastq/SRR13228103,SRR13228103,SRR13228103,Ecoli_ASM584,0
/orcd/nese/tami/001/raw_data/public_data/thanert_2022_upec_evolution/fastq/SRR13228100,SRR13228100,SRR13228100,Ecoli_ASM584,0
/orcd/nese/tami/001/raw_data/public_data/thanert_2022_upec_evolution/fastq/SRR13228099,SRR13228099,SRR13228099,Ecoli_ASM584,0
/orcd/nese/tami/001/raw_data/public_data/thanert_2022_upec_evolution/fastq/SRR13228098,SRR13228098,SRR13228098,Ecoli_ASM584,0
/orcd/nese/tami/001/raw_data/public_data/thanert_2022_upec_evolution/fastq/SRR13228097,SRR13228097,SRR13228097,Ecoli_ASM584,0
/orcd/nese/tami/001/raw_data/public_data/thanert_2022_upec_evolution/fastq/SRR13228096,SRR13228096,SRR13228096,Ecoli_ASM584,0
/orcd/nese/tami/001/raw_data/public_data/thanert_2022_upec_evolution/fastq/SRR13228095,SRR13228095,SRR13228095,Ecoli_ASM584,0
/orcd/nese/tami/001/raw_data/public_data/thanert_2022_upec_evolution/fastq/SRR13228094,SRR13228094,SRR13228094,Ecoli_ASM584,0
/orcd/nese/tami/001/raw_data/public_data/thanert_2022_upec_evolution/fastq/SRR13228093,SRR13228093,SRR13228093,Ecoli_ASM584,0
/orcd/nese/tami/001/raw_data/public_data/thanert_2022_upec_evolution/fastq/SRR13228092,SRR13228092,SRR13228092,Ecoli_ASM584,0
/orcd/nese/tami/001/raw_data/public_data/thanert_2022_upec_evolution/fastq/SRR13228091,SRR13228091,SRR13228091,Ecoli_ASM584,0
/orcd/nese/tami/001/raw_data/public_data/thanert_2022_upec_evolution/fastq/SRR13228089,SRR13228089,SRR13228089,Ecoli_ASM584,0
/orcd/nese/tami/001/raw_data/public_data/thanert_2022_upec_evolution/fastq/SRR13228088,SRR13228088,SRR13228088,Ecoli_ASM584,0
/orcd/nese/tami/001/raw_data/public_data/thanert_2022_upec_evolution/fastq/SRR13228087,SRR13228087,SRR13228087,Ecoli_ASM584,0
/orcd/nese/tami/001/raw_data/public_data/thanert_2022_upec_evolution/fastq/SRR13228086,SRR13228086,SRR13228086,Ecoli_ASM584,0
/orcd/nese/tami/001/raw_data/public_data/thanert_2022_upec_evolution/fastq/SRR13228085,SRR13228085,SRR13228085,Ecoli_ASM584,0
/orcd/nese/tami/001/raw_data/public_data/thanert_2022_upec_evolution/fastq/SRR13228084,SRR13228084,SRR13228084,Ecoli_ASM584,0
/orcd/nese/tami/001/raw_data/public_data/thanert_2022_upec_evolution/fastq/SRR13228083,SRR13228083,SRR13228083,Ecoli_ASM584,0
/orcd/nese/tami/001/raw_data/public_data/thanert_2022_upec_evolution/fastq/SRR13228082,SRR13228082,SRR13228082,Ecoli_ASM584,0
/orcd/nese/tami/001/raw_data/public_data/thanert_2022_upec_evolution/fastq/SRR13228081,SRR13228081,SRR13228081,Ecoli_ASM584,0
/orcd/nese/tami/001/raw_data/public_data/thanert_2022_upec_evolution/fastq/SRR13228080,SRR13228080,SRR13228080,Ecoli_ASM584,0
/orcd/nese/tami/001/raw_data/public_data/thanert_2022_upec_evolution/fastq/SRR13228078,SRR13228078,SRR13228078,Ecoli_ASM584,0
/orcd/nese/tami/001/raw_data/public_data/thanert_2022_upec_evolution/fastq/SRR13228045,SRR13228045,SRR13228045,Ecoli_ASM584,0
/orcd/nese/tami/001/raw_data/public_data/thanert_2022_upec_evolution/fastq/SRR13228044,SRR13228044,SRR13228044,Ecoli_ASM584,0
/orcd/nese/tami/001/raw_data/public_data/thanert_2022_upec_evolution/fastq/SRR13228043,SRR13228043,SRR13228043,Ecoli_ASM584,0
/orcd/nese/tami/001/raw_data/public_data/thanert_2022_upec_evolution/fastq/SRR13228042,SRR13228042,SRR13228042,Ecoli_ASM584,0
/orcd/nese/tami/001/raw_data/public_data/thanert_2022_upec_evolution/fastq/SRR13228041,SRR13228041,SRR13228041,Ecoli_ASM584,0
/orcd/nese/tami/001/raw_data/public_data/thanert_2022_upec_evolution/fastq/SRR13228040,SRR13228040,SRR13228040,Ecoli_ASM584,0
/orcd/nese/tami/001/raw_data/public_data/thanert_2022_upec_evolution/fastq/SRR13228039,SRR13228039,SRR13228039,Ecoli_ASM584,0
/orcd/nese/tami/001/raw_data/public_data/thanert_2022_upec_evolution/fastq/SRR13228038,SRR13228038,SRR13228038,Ecoli_ASM584,0
/orcd/nese/tami/001/raw_data/public_data/thanert_2022_upec_evolution/fastq/SRR13228037,SRR13228037,SRR13228037,Ecoli_ASM584,0
/orcd/nese/tami/001/raw_data/public_data/thanert_2022_upec_evolution/fastq/SRR13228035,SRR13228035,SRR13228035,Ecoli_ASM584,0
/orcd/nese/tami/001/raw_data/public_data/thanert_2022_upec_evolution/fastq/SRR13228034,SRR13228034,SRR13228034,Ecoli_ASM584,0
/orcd/nese/tami/001/raw_data/public_data/thanert_2022_upec_evolution/fastq/SRR13228033,SRR13228033,SRR13228033,Ecoli_ASM584,0
/orcd/nese/tami/001/raw_data/public_data/thanert_2022_upec_evolution/fastq/SRR13228032,SRR13228032,SRR13228032,Ecoli_ASM584,0
/orcd/nese/tami/001/raw_data/public_data/thanert_2022_upec_evolution/fastq/SRR13228031,SRR13228031,SRR13228031,Ecoli_ASM584,0
/orcd/nese/tami/001/raw_data/public_data/thanert_2022_upec_evolution/fastq/SRR13228030,SRR13228030,SRR13228030,Ecoli_ASM584,0
/orcd/nese/tami/001/raw_data/public_data/thanert_2022_upec_evolution/fastq/SRR13227762,SRR13227762,SRR13227762,Ecoli_ASM584,0
/orcd/nese/tami/001/raw_data/public_data/thanert_2022_upec_evolution/fastq/SRR13228029,SRR13228029,SRR13228029,Ecoli_ASM584,0
/orcd/nese/tami/001/raw_data/public_data/thanert_2022_upec_evolution/fastq/SRR13228028,SRR13228028,SRR13228028,Ecoli_ASM584,0
/orcd/nese/tami/001/raw_data/public_data/thanert_2022_upec_evolution/fastq/SRR13228027,SRR13228027,SRR13228027,Ecoli_ASM584,0
/orcd/nese/tami/001/raw_data/public_data/thanert_2022_upec_evolution/fastq/SRR13228025,SRR13228025,SRR13228025,Ecoli_ASM584,0
/orcd/nese/tami/001/raw_data/public_data/thanert_2022_upec_evolution/fastq/SRR13228024,SRR13228024,SRR13228024,Ecoli_ASM584,0
/orcd/nese/tami/001/raw_data/public_data/thanert_2022_upec_evolution/fastq/SRR13228023,SRR13228023,SRR13228023,Ecoli_ASM584,0
/orcd/nese/tami/001/raw_data/public_data/thanert_2022_upec_evolution/fastq/SRR13228022,SRR13228022,SRR13228022,Ecoli_ASM584,0
/orcd/nese/tami/001/raw_data/public_data/thanert_2022_upec_evolution/fastq/SRR13228021,SRR13228021,SRR13228021,Ecoli_ASM584,0
/orcd/nese/tami/001/raw_data/public_data/thanert_2022_upec_evolution/fastq/SRR13228020,SRR13228020,SRR13228020,Ecoli_ASM584,0
/orcd/nese/tami/001/raw_data/public_data/thanert_2022_upec_evolution/fastq/SRR13228019,SRR13228019,SRR13228019,Ecoli_ASM584,0
/orcd/nese/tami/001/raw_data/public_data/thanert_2022_upec_evolution/fastq/SRR13228018,SRR13228018,SRR13228018,Ecoli_ASM584,0
/orcd/nese/tami/001/raw_data/public_data/thanert_2022_upec_evolution/fastq/SRR13228017,SRR13228017,SRR13228017,Ecoli_ASM584,0
/orcd/nese/tami/001/raw_data/public_data/thanert_2022_upec_evolution/fastq/SRR13228016,SRR13228016,SRR13228016,Ecoli_ASM584,0
/orcd/nese/tami/001/raw_data/public_data/thanert_2022_upec_evolution/fastq/SRR13227951,SRR13227951,SRR13227951,Ecoli_ASM584,0
/orcd/nese/tami/001/raw_data/public_data/thanert_2022_upec_evolution/fastq/SRR13227949,SRR13227949,SRR13227949,Ecoli_ASM584,0
/orcd/nese/tami/001/raw_data/public_data/thanert_2022_upec_evolution/fastq/SRR13227948,SRR13227948,SRR13227948,Ecoli_ASM584,0
/orcd/nese/tami/001/raw_data/public_data/thanert_2022_upec_evolution/fastq/SRR13227947,SRR13227947,SRR13227947,Ecoli_ASM584,0
/orcd/nese/tami/001/raw_data/public_data/thanert_2022_upec_evolution/fastq/SRR13227946,SRR13227946,SRR13227946,Ecoli_ASM584,0
/orcd/nese/tami/001/raw_data/public_data/thanert_2022_upec_evolution/fastq/SRR13227945,SRR13227945,SRR13227945,Ecoli_ASM584,0
/orcd/nese/tami/001/raw_data/public_data/thanert_2022_upec_evolution/fastq/SRR13227944,SRR13227944,SRR13227944,Ecoli_ASM584,0
/orcd/nese/tami/001/raw_data/public_data/thanert_2022_upec_evolution/fastq/SRR13227943,SRR13227943,SRR13227943,Ecoli_ASM584,0
/orcd/nese/tami/001/raw_data/public_data/thanert_2022_upec_evolution/fastq/SRR13227941,SRR13227941,SRR13227941,Ecoli_ASM584,0
/orcd/nese/tami/001/raw_data/public_data/thanert_2022_upec_evolution/fastq/SRR13227942,SRR13227942,SRR13227942,Ecoli_ASM584,0
/orcd/nese/tami/001/raw_data/public_data/thanert_2022_upec_evolution/fastq/SRR13227938,SRR13227938,SRR13227938,Ecoli_ASM584,0
/orcd/nese/tami/001/raw_data/public_data/thanert_2022_upec_evolution/fastq/SRR13227939,SRR13227939,SRR13227939,Ecoli_ASM584,0
/orcd/nese/tami/001/raw_data/public_data/thanert_2022_upec_evolution/fastq/SRR13227937,SRR13227937,SRR13227937,Ecoli_ASM584,0
/orcd/nese/tami/001/raw_data/public_data/thanert_2022_upec_evolution/fastq/SRR13227936,SRR13227936,SRR13227936,Ecoli_ASM584,0
/orcd/nese/tami/001/raw_data/public_data/thanert_2022_upec_evolution/fastq/SRR13227935,SRR13227935,SRR13227935,Ecoli_ASM584,0
/orcd/nese/tami/001/raw_data/public_data/thanert_2022_upec_evolution/fastq/SRR13227934,SRR13227934,SRR13227934,Ecoli_ASM584,0
/orcd/nese/tami/001/raw_data/public_data/thanert_2022_upec_evolution/fastq/SRR13227933,SRR13227933,SRR13227933,Ecoli_ASM584,0
/orcd/nese/tami/001/raw_data/public_data/thanert_2022_upec_evolution/fastq/SRR13227932,SRR13227932,SRR13227932,Ecoli_ASM584,0
/orcd/nese/tami/001/raw_data/public_data/thanert_2022_upec_evolution/fastq/SRR13227931,SRR13227931,SRR13227931,Ecoli_ASM584,0
/orcd/nese/tami/001/raw_data/public_data/thanert_2022_upec_evolution/fastq/SRR13227930,SRR13227930,SRR13227930,Ecoli_ASM584,0
/orcd/nese/tami/001/raw_data/public_data/thanert_2022_upec_evolution/fastq/SRR13227928,SRR13227928,SRR13227928,Ecoli_ASM584,0
/orcd/nese/tami/001/raw_data/public_data/thanert_2022_upec_evolution/fastq/SRR13227927,SRR13227927,SRR13227927,Ecoli_ASM584,0
/orcd/nese/tami/001/raw_data/public_data/thanert_2022_upec_evolution/fastq/SRR13227926,SRR13227926,SRR13227926,Ecoli_ASM584,0
/orcd/nese/tami/001/raw_data/public_data/thanert_2022_upec_evolution/fastq/SRR13227925,SRR13227925,SRR13227925,Ecoli_ASM584,0
/orcd/nese/tami/001/raw_data/public_data/thanert_2022_upec_evolution/fastq/SRR13227924,SRR13227924,SRR13227924,Ecoli_ASM584,0
/orcd/nese/tami/001/raw_data/public_data/thanert_2022_upec_evolution/fastq/SRR13227923,SRR13227923,SRR13227923,Ecoli_ASM584,0
/orcd/nese/tami/001/raw_data/public_data/thanert_2022_upec_evolution/fastq/SRR13227922,SRR13227922,SRR13227922,Ecoli_ASM584,0
/orcd/nese/tami/001/raw_data/public_data/thanert_2022_upec_evolution/fastq/SRR13227921,SRR13227921,SRR13227921,Ecoli_ASM584,0
/orcd/nese/tami/001/raw_data/public_data/thanert_2022_upec_evolution/fastq/SRR13227920,SRR13227920,SRR13227920,Ecoli_ASM584,0
/orcd/nese/tami/001/raw_data/public_data/thanert_2022_upec_evolution/fastq/SRR13227919,SRR13227919,SRR13227919,Ecoli_ASM584,0
/orcd/nese/tami/001/raw_data/public_data/thanert_2022_upec_evolution/fastq/SRR13227885,SRR13227885,SRR13227885,Ecoli_ASM584,0
/orcd/nese/tami/001/raw_data/public_data/thanert_2022_upec_evolution/fastq/SRR13227884,SRR13227884,SRR13227884,Ecoli_ASM584,0
/orcd/nese/tami/001/raw_data/public_data/thanert_2022_upec_evolution/fastq/SRR13227883,SRR13227883,SRR13227883,Ecoli_ASM584,0
/orcd/nese/tami/001/raw_data/public_data/thanert_2022_upec_evolution/fastq/SRR13227882,SRR13227882,SRR13227882,Ecoli_ASM584,0
/orcd/nese/tami/001/raw_data/public_data/thanert_2022_upec_evolution/fastq/SRR13227881,SRR13227881,SRR13227881,Ecoli_ASM584,0
/orcd/nese/tami/001/raw_data/public_data/thanert_2022_upec_evolution/fastq/SRR13227880,SRR13227880,SRR13227880,Ecoli_ASM584,0
/orcd/nese/tami/001/raw_data/public_data/thanert_2022_upec_evolution/fastq/SRR13227879,SRR13227879,SRR13227879,Ecoli_ASM584,0
/orcd/nese/tami/001/raw_data/public_data/thanert_2022_upec_evolution/fastq/SRR13227878,SRR13227878,SRR13227878,Ecoli_ASM584,0
/orcd/nese/tami/001/raw_data/public_data/thanert_2022_upec_evolution/fastq/SRR13227877,SRR13227877,SRR13227877,Ecoli_ASM584,0
/orcd/nese/tami/001/raw_data/public_data/thanert_2022_upec_evolution/fastq/SRR13227876,SRR13227876,SRR13227876,Ecoli_ASM584,0
/orcd/nese/tami/001/raw_data/public_data/thanert_2022_upec_evolution/fastq/SRR13227874,SRR13227874,SRR13227874,Ecoli_ASM584,0
/orcd/nese/tami/001/raw_data/public_data/thanert_2022_upec_evolution/fastq/SRR13227873,SRR13227873,SRR13227873,Ecoli_ASM584,0
/orcd/nese/tami/001/raw_data/public_data/thanert_2022_upec_evolution/fastq/SRR13227872,SRR13227872,SRR13227872,Ecoli_ASM584,0
/orcd/nese/tami/001/raw_data/public_data/thanert_2022_upec_evolution/fastq/SRR13227871,SRR13227871,SRR13227871,Ecoli_ASM584,0
/orcd/nese/tami/001/raw_data/public_data/thanert_2022_upec_evolution/fastq/SRR13227870,SRR13227870,SRR13227870,Ecoli_ASM584,0
/orcd/nese/tami/001/raw_data/public_data/thanert_2022_upec_evolution/fastq/SRR13227869,SRR13227869,SRR13227869,Ecoli_ASM584,0
/orcd/nese/tami/001/raw_data/public_data/thanert_2022_upec_evolution/fastq/SRR13227868,SRR13227868,SRR13227868,Ecoli_ASM584,0
/orcd/nese/tami/001/raw_data/public_data/thanert_2022_upec_evolution/fastq/SRR13227867,SRR13227867,SRR13227867,Ecoli_ASM584,0
/orcd/nese/tami/001/raw_data/public_data/thanert_2022_upec_evolution/fastq/SRR13227866,SRR13227866,SRR13227866,Ecoli_ASM584,0
/orcd/nese/tami/001/raw_data/public_data/thanert_2022_upec_evolution/fastq/SRR13227865,SRR13227865,SRR13227865,Ecoli_ASM584,0
/orcd/nese/tami/001/raw_data/public_data/thanert_2022_upec_evolution/fastq/SRR13227862,SRR13227862,SRR13227862,Ecoli_ASM584,0
/orcd/nese/tami/001/raw_data/public_data/thanert_2022_upec_evolution/fastq/SRR13227861,SRR13227861,SRR13227861,Ecoli_ASM584,0
/orcd/nese/tami/001/raw_data/public_data/thanert_2022_upec_evolution/fastq/SRR13227860,SRR13227860,SRR13227860,Ecoli_ASM584,0
/orcd/nese/tami/001/raw_data/public_data/thanert_2022_upec_evolution/fastq/SRR13227858,SRR13227858,SRR13227858,Ecoli_ASM584,0
/orcd/nese/tami/001/raw_data/public_data/thanert_2022_upec_evolution/fastq/SRR13227859,SRR13227859,SRR13227859,Ecoli_ASM584,0
/orcd/nese/tami/001/raw_data/public_data/thanert_2022_upec_evolution/fastq/SRR13227857,SRR13227857,SRR13227857,Ecoli_ASM584,0
/orcd/nese/tami/001/raw_data/public_data/thanert_2022_upec_evolution/fastq/SRR13227856,SRR13227856,SRR13227856,Ecoli_ASM584,0
/orcd/nese/tami/001/raw_data/public_data/thanert_2022_upec_evolution/fastq/SRR13227854,SRR13227854,SRR13227854,Ecoli_ASM584,0
/orcd/nese/tami/001/raw_data/public_data/thanert_2022_upec_evolution/fastq/SRR13227790,SRR13227790,SRR13227790,Ecoli_ASM584,0
/orcd/nese/tami/001/raw_data/public_data/thanert_2022_upec_evolution/fastq/SRR13227789,SRR13227789,SRR13227789,Ecoli_ASM584,0
/orcd/nese/tami/001/raw_data/public_data/thanert_2022_upec_evolution/fastq/SRR13227787,SRR13227787,SRR13227787,Ecoli_ASM584,0
/orcd/nese/tami/001/raw_data/public_data/thanert_2022_upec_evolution/fastq/SRR13227786,SRR13227786,SRR13227786,Ecoli_ASM584,0
/orcd/nese/tami/001/raw_data/public_data/thanert_2022_upec_evolution/fastq/SRR13227785,SRR13227785,SRR13227785,Ecoli_ASM584,0
/orcd/nese/tami/001/raw_data/public_data/thanert_2022_upec_evolution/fastq/SRR13227784,SRR13227784,SRR13227784,Ecoli_ASM584,0
/orcd/nese/tami/001/raw_data/public_data/thanert_2022_upec_evolution/fastq/SRR13227783,SRR13227783,SRR13227783,Ecoli_ASM584,0
/orcd/nese/tami/001/raw_data/public_data/thanert_2022_upec_evolution/fastq/SRR13227782,SRR13227782,SRR13227782,Ecoli_ASM584,0
/orcd/nese/tami/001/raw_data/public_data/thanert_2022_upec_evolution/fastq/SRR13227781,SRR13227781,SRR13227781,Ecoli_ASM584,0
/orcd/nese/tami/001/raw_data/public_data/thanert_2022_upec_evolution/fastq/SRR13227780,SRR13227780,SRR13227780,Ecoli_ASM584,0
/orcd/nese/tami/001/raw_data/public_data/thanert_2022_upec_evolution/fastq/SRR13227779,SRR13227779,SRR13227779,Ecoli_ASM584,0
/orcd/nese/tami/001/raw_data/public_data/thanert_2022_upec_evolution/fastq/SRR13227778,SRR13227778,SRR13227778,Ecoli_ASM584,0
/orcd/nese/tami/001/raw_data/public_data/thanert_2022_upec_evolution/fastq/SRR13227776,SRR13227776,SRR13227776,Ecoli_ASM584,0
/orcd/nese/tami/001/raw_data/public_data/thanert_2022_upec_evolution/fastq/SRR13227775,SRR13227775,SRR13227775,Ecoli_ASM584,0
/orcd/nese/tami/001/raw_data/public_data/thanert_2022_upec_evolution/fastq/SRR13227774,SRR13227774,SRR13227774,Ecoli_ASM584,0
/orcd/nese/tami/001/raw_data/public_data/thanert_2022_upec_evolution/fastq/SRR13227773,SRR13227773,SRR13227773,Ecoli_ASM584,0
/orcd/nese/tami/001/raw_data/public_data/thanert_2022_upec_evolution/fastq/SRR13227772,SRR13227772,SRR13227772,Ecoli_ASM584,0
/orcd/nese/tami/001/raw_data/public_data/thanert_2022_upec_evolution/fastq/SRR13227771,SRR13227771,SRR13227771,Ecoli_ASM584,0
/orcd/nese/tami/001/raw_data/public_data/thanert_2022_upec_evolution/fastq/SRR13227769,SRR13227769,SRR13227769,Ecoli_ASM584,0
/orcd/nese/tami/001/raw_data/public_data/thanert_2022_upec_evolution/fastq/SRR13227770,SRR13227770,SRR13227770,Ecoli_ASM584,0
/orcd/nese/tami/001/raw_data/public_data/thanert_2022_upec_evolution/fastq/SRR13227768,SRR13227768,SRR13227768,Ecoli_ASM584,0
/orcd/nese/tami/001/raw_data/public_data/thanert_2022_upec_evolution/fastq/SRR13227767,SRR13227767,SRR13227767,Ecoli_ASM584,0
/orcd/nese/tami/001/raw_data/public_data/thanert_2022_upec_evolution/fastq/SRR13227765,SRR13227765,SRR13227765,Ecoli_ASM584,0
/orcd/nese/tami/001/raw_data/public_data/thanert_2022_upec_evolution/fastq/SRR13227764,SRR13227764,SRR13227764,Ecoli_ASM584,0
/orcd/nese/tami/001/raw_data/public_data/thanert_2022_upec_evolution/fastq/SRR13227763,SRR13227763,SRR13227763,Ecoli_ASM584,0
/orcd/nese/tami/001/raw_data/public_data/thanert_2022_upec_evolution/fastq/SRR13227761,SRR13227761,SRR13227761,Ecoli_ASM584,0
/orcd/nese/tami/001/raw_data/public_data/thanert_2022_upec_evolution/fastq/SRR13227760,SRR13227760,SRR13227760,Ecoli_ASM584,0
/orcd/nese/tami/001/raw_data/public_data/thanert_2022_upec_evolution/fastq/SRR13227759,SRR13227759,SRR13227759,Ecoli_ASM584,0
/orcd/nese/tami/001/raw_data/public_data/thanert_2022_upec_evolution/fastq/SRR13227758,SRR13227758,SRR13227758,Ecoli_ASM584,0
/orcd/nese/tami/001/raw_data/public_data/thanert_2022_upec_evolution/fastq/SRR13227661,SRR13227661,SRR13227661,Ecoli_ASM584,0
/orcd/nese/tami/001/raw_data/public_data/thanert_2022_upec_evolution/fastq/SRR13227660,SRR13227660,SRR13227660,Ecoli_ASM584,0
/orcd/nese/tami/001/raw_data/public_data/thanert_2022_upec_evolution/fastq/SRR13227659,SRR13227659,SRR13227659,Ecoli_ASM584,0
/orcd/nese/tami/001/raw_data/public_data/ECOR_ecoli_collection/fastq/SRR3989531,SRR3989531,SRR3989531,Ecoli_ASM584,0
/orcd/nese/tami/001/raw_data/public_data/ECOR_ecoli_collection/fastq/SRR7819145,SRR7819145,SRR7819145,Ecoli_ASM584,0
/orcd/nese/tami/001/raw_data/public_data/ECOR_ecoli_collection/fastq/SRR3951465,SRR3951465,SRR3951465,Ecoli_ASM584,0
/orcd/nese/tami/001/raw_data/public_data/ECOR_ecoli_collection/fastq/SRR3951466,SRR3951466,SRR3951466,Ecoli_ASM584,0
/orcd/nese/tami/001/raw_data/public_data/ECOR_ecoli_collection/fastq/SRR3951467,SRR3951467,SRR3951467,Ecoli_ASM584,0
/orcd/nese/tami/001/raw_data/public_data/ECOR_ecoli_collection/fastq/SRR3951468,SRR3951468,SRR3951468,Ecoli_ASM584,0
/orcd/nese/tami/001/raw_data/public_data/ECOR_ecoli_collection/fastq/SRR3951469,SRR3951469,SRR3951469,Ecoli_ASM584,0
/orcd/nese/tami/001/raw_data/public_data/ECOR_ecoli_collection/fastq/SRR3951470,SRR3951470,SRR3951470,Ecoli_ASM584,0
/orcd/nese/tami/001/raw_data/public_data/ECOR_ecoli_collection/fastq/SRR3951471,SRR3951471,SRR3951471,Ecoli_ASM584,0
/orcd/nese/tami/001/raw_data/public_data/ECOR_ecoli_collection/fastq/SRR3951472,SRR3951472,SRR3951472,Ecoli_ASM584,0
/orcd/nese/tami/001/raw_data/public_data/ECOR_ecoli_collection/fastq/SRR3951473,SRR3951473,SRR3951473,Ecoli_ASM584,0
/orcd/nese/tami/001/raw_data/public_data/ECOR_ecoli_collection/fastq/SRR3951474,SRR3951474,SRR3951474,Ecoli_ASM584,0
/orcd/nese/tami/001/raw_data/public_data/ECOR_ecoli_collection/fastq/SRR3951475,SRR3951475,SRR3951475,Ecoli_ASM584,0
/orcd/nese/tami/001/raw_data/public_data/ECOR_ecoli_collection/fastq/SRR3951476,SRR3951476,SRR3951476,Ecoli_ASM584,0
/orcd/nese/tami/001/raw_data/public_data/ECOR_ecoli_collection/fastq/SRR3951517,SRR3951517,SRR3951517,Ecoli_ASM584,0
/orcd/nese/tami/001/raw_data/public_data/ECOR_ecoli_collection/fastq/SRR3951477,SRR3951477,SRR3951477,Ecoli_ASM584,0
/orcd/nese/tami/001/raw_data/public_data/ECOR_ecoli_collection/fastq/SRR3951478,SRR3951478,SRR3951478,Ecoli_ASM584,0
/orcd/nese/tami/001/raw_data/public_data/ECOR_ecoli_collection/fastq/SRR3951479,SRR3951479,SRR3951479,Ecoli_ASM584,0
/orcd/nese/tami/001/raw_data/public_data/ECOR_ecoli_collection/fastq/SRR3951480,SRR3951480,SRR3951480,Ecoli_ASM584,0
/orcd/nese/tami/001/raw_data/public_data/ECOR_ecoli_collection/fastq/SRR3951481,SRR3951481,SRR3951481,Ecoli_ASM584,0
/orcd/nese/tami/001/raw_data/public_data/ECOR_ecoli_collection/fastq/SRR3951482,SRR3951482,SRR3951482,Ecoli_ASM584,0
/orcd/nese/tami/001/raw_data/public_data/ECOR_ecoli_collection/fastq/SRR3951484,SRR3951484,SRR3951484,Ecoli_ASM584,0
/orcd/nese/tami/001/raw_data/public_data/ECOR_ecoli_collection/fastq/SRR3951485,SRR3951485,SRR3951485,Ecoli_ASM584,0
/orcd/nese/tami/001/raw_data/public_data/ECOR_ecoli_collection/fastq/SRR3951486,SRR3951486,SRR3951486,Ecoli_ASM584,0
/orcd/nese/tami/001/raw_data/public_data/ECOR_ecoli_collection/fastq/SRR3951488,SRR3951488,SRR3951488,Ecoli_ASM584,0
/orcd/nese/tami/001/raw_data/public_data/ECOR_ecoli_collection/fastq/SRR3951489,SRR3951489,SRR3951489,Ecoli_ASM584,0
/orcd/nese/tami/001/raw_data/public_data/ECOR_ecoli_collection/fastq/SRR3951490,SRR3951490,SRR3951490,Ecoli_ASM584,0
/orcd/nese/tami/001/raw_data/public_data/ECOR_ecoli_collection/fastq/SRR3951491,SRR3951491,SRR3951491,Ecoli_ASM584,0
/orcd/nese/tami/001/raw_data/public_data/ECOR_ecoli_collection/fastq/SRR3951492,SRR3951492,SRR3951492,Ecoli_ASM584,0
/orcd/nese/tami/001/raw_data/public_data/ECOR_ecoli_collection/fastq/SRR3951493,SRR3951493,SRR3951493,Ecoli_ASM584,0
/orcd/nese/tami/001/raw_data/public_data/ECOR_ecoli_collection/fastq/SRR3951494,SRR3951494,SRR3951494,Ecoli_ASM584,0
/orcd/nese/tami/001/raw_data/public_data/ECOR_ecoli_collection/fastq/SRR3951518,SRR3951518,SRR3951518,Ecoli_ASM584,0
/orcd/nese/tami/001/raw_data/public_data/ECOR_ecoli_collection/fastq/SRR3951496,SRR3951496,SRR3951496,Ecoli_ASM584,0
/orcd/nese/tami/001/raw_data/public_data/ECOR_ecoli_collection/fastq/SRR3951497,SRR3951497,SRR3951497,Ecoli_ASM584,0
/orcd/nese/tami/001/raw_data/public_data/ECOR_ecoli_collection/fastq/SRR3951498,SRR3951498,SRR3951498,Ecoli_ASM584,0
/orcd/nese/tami/001/raw_data/public_data/ECOR_ecoli_collection/fastq/SRR3951499,SRR3951499,SRR3951499,Ecoli_ASM584,0
/orcd/nese/tami/001/raw_data/public_data/ECOR_ecoli_collection/fastq/SRR3951500,SRR3951500,SRR3951500,Ecoli_ASM584,0
/orcd/nese/tami/001/raw_data/public_data/ECOR_ecoli_collection/fastq/SRR3951501,SRR3951501,SRR3951501,Ecoli_ASM584,0
/orcd/nese/tami/001/raw_data/public_data/ECOR_ecoli_collection/fastq/SRR3951503,SRR3951503,SRR3951503,Ecoli_ASM584,0
/orcd/nese/tami/001/raw_data/public_data/ECOR_ecoli_collection/fastq/SRR3951504,SRR3951504,SRR3951504,Ecoli_ASM584,0
/orcd/nese/tami/001/raw_data/public_data/ECOR_ecoli_collection/fastq/SRR3951505,SRR3951505,SRR3951505,Ecoli_ASM584,0
/orcd/nese/tami/001/raw_data/public_data/ECOR_ecoli_collection/fastq/SRR3951506,SRR3951506,SRR3951506,Ecoli_ASM584,0
/orcd/nese/tami/001/raw_data/public_data/ECOR_ecoli_collection/fastq/SRR3951508,SRR3951508,SRR3951508,Ecoli_ASM584,0
/orcd/nese/tami/001/raw_data/public_data/ECOR_ecoli_collection/fastq/SRR3951509,SRR3951509,SRR3951509,Ecoli_ASM584,0
/orcd/nese/tami/001/raw_data/public_data/ECOR_ecoli_collection/fastq/SRR3951510,SRR3951510,SRR3951510,Ecoli_ASM584,0
/orcd/nese/tami/001/raw_data/public_data/ECOR_ecoli_collection/fastq/SRR3987677,SRR3987677,SRR3987677,Ecoli_ASM584,0
/orcd/nese/tami/001/raw_data/public_data/ECOR_ecoli_collection/fastq/SRR3951512,SRR3951512,SRR3951512,Ecoli_ASM584,0
/orcd/nese/tami/001/raw_data/public_data/ECOR_ecoli_collection/fastq/SRR3951513,SRR3951513,SRR3951513,Ecoli_ASM584,0
/orcd/nese/tami/001/raw_data/public_data/ECOR_ecoli_collection/fastq/SRR3989514,SRR3989514,SRR3989514,Ecoli_ASM584,0
/orcd/nese/tami/001/raw_data/public_data/ECOR_ecoli_collection/fastq/SRR3989532,SRR3989532,SRR3989532,Ecoli_ASM584,0
/orcd/nese/tami/001/raw_data/public_data/ECOR_ecoli_collection/fastq/SRR3989533,SRR3989533,SRR3989533,Ecoli_ASM584,0
/orcd/nese/tami/001/raw_data/public_data/ECOR_ecoli_collection/fastq/SRR7819144,SRR7819144,SRR7819144,Ecoli_ASM584,0
/orcd/nese/tami/001/raw_data/public_data/ECOR_ecoli_collection/fastq/SRR7819143,SRR7819143,SRR7819143,Ecoli_ASM584,0
/orcd/nese/tami/001/raw_data/public_data/ECOR_ecoli_collection/fastq/SRR3989534,SRR3989534,SRR3989534,Ecoli_ASM584,0
/orcd/nese/tami/001/raw_data/public_data/ECOR_ecoli_collection/fastq/SRR3989535,SRR3989535,SRR3989535,Ecoli_ASM584,0
/orcd/nese/tami/001/raw_data/public_data/ECOR_ecoli_collection/fastq/SRR7819142,SRR7819142,SRR7819142,Ecoli_ASM584,0
/orcd/nese/tami/001/raw_data/public_data/ECOR_ecoli_collection/fastq/SRR3989515,SRR3989515,SRR3989515,Ecoli_ASM584,0
/orcd/nese/tami/001/raw_data/public_data/ECOR_ecoli_collection/fastq/SRR3989521,SRR3989521,SRR3989521,Ecoli_ASM584,0
/orcd/nese/tami/001/raw_data/public_data/ECOR_ecoli_collection/fastq/SRR3989507,SRR3989507,SRR3989507,Ecoli_ASM584,0
/orcd/nese/tami/001/raw_data/public_data/ECOR_ecoli_collection/fastq/SRR3989522,SRR3989522,SRR3989522,Ecoli_ASM584,0
/orcd/nese/tami/001/raw_data/public_data/ECOR_ecoli_collection/fastq/SRR3987678,SRR3987678,SRR3987678,Ecoli_ASM584,0
/orcd/nese/tami/001/raw_data/public_data/ECOR_ecoli_collection/fastq/SRR3989523,SRR3989523,SRR3989523,Ecoli_ASM584,0
/orcd/nese/tami/001/raw_data/public_data/ECOR_ecoli_collection/fastq/SRR3989529,SRR3989529,SRR3989529,Ecoli_ASM584,0
/orcd/nese/tami/001/raw_data/public_data/ECOR_ecoli_collection/fastq/SRR7819148,SRR7819148,SRR7819148,Ecoli_ASM584,0
/orcd/nese/tami/001/raw_data/public_data/ECOR_ecoli_collection/fastq/SRR3989537,SRR3989537,SRR3989537,Ecoli_ASM584,0
/orcd/nese/tami/001/raw_data/public_data/ECOR_ecoli_collection/fastq/SRR3989538,SRR3989538,SRR3989538,Ecoli_ASM584,0
/orcd/nese/tami/001/raw_data/public_data/ECOR_ecoli_collection/fastq/SRR3989530,SRR3989530,SRR3989530,Ecoli_ASM584,0
/orcd/nese/tami/001/raw_data/public_data/ECOR_ecoli_collection/fastq/SRR7819147,SRR7819147,SRR7819147,Ecoli_ASM584,0
/orcd/nese/tami/001/raw_data/public_data/ECOR_ecoli_collection/fastq/SRR3989539,SRR3989539,SRR3989539,Ecoli_ASM584,0
/orcd/nese/tami/001/raw_data/public_data/ECOR_ecoli_collection/fastq/SRR3989540,SRR3989540,SRR3989540,Ecoli_ASM584,0
/orcd/nese/tami/001/raw_data/public_data/ECOR_ecoli_collection/fastq/SRR3989541,SRR3989541,SRR3989541,Ecoli_ASM584,0
/orcd/nese/tami/001/raw_data/public_data/ECOR_ecoli_collection/fastq/SRR7819146,SRR7819146,SRR7819146,Ecoli_ASM584,0